timestamp,event,run_id,status,job_id,attempt,env_id,regime,method,seed,paper_horizon,run_dir,launcher,git_commit,remote_commit,slurm_state,final_step,final_score,best_score,auc,wall_hours,checkpoint_ok,notes
2026-05-11T13:57:46+00:00,completed,setup_checkpoint_resume_smoke,passed,2007,1,cartpole-swingup,clean,checkpoint_resume_smoke,15,3,/home/goncalo/git/horizonsearch/tdmpc2-jax-codex/outputs/corl_pub_setup_v2/checkpoint_resume_smoke,scripts/ncc_corl_checkpoint_resume_smoke.sbatch,a1c43235adf581168ba215d0561a545c61f23f29,a1c43235adf581168ba215d0561a545c61f23f29,COMPLETED,0,,,,0.2944,True,checkpoint resume smoke passed; reused by v3 setup gate
2026-05-12T19:47:44+00:00,completed,corl500k__cartpole-swingup__chaos__adaptive_rhs__s1,completed,2068,1,cartpole-swingup,chaos,adaptive_rhs,1,3,/home/goncalo/git/horizonsearch/tdmpc2-jax-codex/outputs/corl_pub_500k_v2/cartpole-swingup/chaos/adaptive_rhs/s1,scripts/ncc_corl_adaptive_rhs_500k.sbatch,928ea8b855cbc8105f08d1ffed6991a41da9bf28,928ea8b855cbc8105f08d1ffed6991a41da9bf28,COMPLETED,500000,816.386474609375,860.4762573242188,754.4208312988281,2.0417,True,completed full 500k profile; reused finite v2 result in v3 ledger
2026-05-12T03:10:46+00:00,completed,corl500k__cartpole-swingup__chaos__adaptive_rhs__s15,completed,2042,1,cartpole-swingup,chaos,adaptive_rhs,15,3,/home/goncalo/git/horizonsearch/tdmpc2-jax-codex/outputs/corl_pub_500k_v2/cartpole-swingup/chaos/adaptive_rhs/s15,scripts/ncc_corl_adaptive_rhs_500k.sbatch,39af91997326904f21a5c924a55d4bd05052f8c7,39af91997326904f21a5c924a55d4bd05052f8c7,COMPLETED,500000,860.5714111328125,860.5714111328125,734.3488006591797,2.1781,True,completed full 500k profile; reused finite v2 result in v3 ledger
2026-05-13T08:51:42+00:00,completed,corl500k__cartpole-swingup__chaos__adaptive_rhs__s7,completed,2097,1,cartpole-swingup,chaos,adaptive_rhs,7,3,/home/goncalo/git/horizonsearch/tdmpc2-jax-codex/outputs/corl_pub_500k_v2/cartpole-swingup/chaos/adaptive_rhs/s7,scripts/ncc_corl_adaptive_rhs_500k.sbatch,62ba7b9ca67a20be7f365e898f591a5453a4f663,62ba7b9ca67a20be7f365e898f591a5453a4f663,COMPLETED,500000,861.5389404296875,861.5389404296875,758.4535827636719,2.1478,True,completed full 500k profile; reused finite v2 result in v3 ledger
2026-05-12T15:43:05+00:00,completed,corl500k__cartpole-swingup__chaos__paper_horizon__s1,completed,2066,1,cartpole-swingup,chaos,paper_horizon,1,3,/home/goncalo/git/horizonsearch/tdmpc2-jax-codex/outputs/corl_pub_500k_v2/cartpole-swingup/chaos/paper_horizon/s1,scripts/ncc_corl_paper_horizon_500k.sbatch,2af737050ae5062fe4974dc0ec929ba91499cecb,2af737050ae5062fe4974dc0ec929ba91499cecb,COMPLETED,500000,814.0921630859375,857.02685546875,733.8791778564453,1.7642,True,completed full 500k profile; reused finite v2 result in v3 ledger
2026-05-12T02:35:50+00:00,completed,corl500k__cartpole-swingup__chaos__paper_horizon__s15,completed,2041,1,cartpole-swingup,chaos,paper_horizon,15,3,/home/goncalo/git/horizonsearch/tdmpc2-jax-codex/outputs/corl_pub_500k_v2/cartpole-swingup/chaos/paper_horizon/s15,scripts/ncc_corl_paper_horizon_500k.sbatch,537a5e22a18b2c35acc0daa57f657adb49644755,537a5e22a18b2c35acc0daa57f657adb49644755,COMPLETED,500000,859.1907348632812,859.1907348632812,741.7343292236328,1.8119,True,completed full 500k profile; reused finite v2 result in v3 ledger
2026-05-13T08:12:54+00:00,completed,corl500k__cartpole-swingup__chaos__paper_horizon__s7,completed,2096,1,cartpole-swingup,chaos,paper_horizon,7,3,/home/goncalo/git/horizonsearch/tdmpc2-jax-codex/outputs/corl_pub_500k_v2/cartpole-swingup/chaos/paper_horizon/s7,scripts/ncc_corl_paper_horizon_500k.sbatch,5e80c13625a64542dbc1cb8870c1eb9ebcc199bf,5e80c13625a64542dbc1cb8870c1eb9ebcc199bf,COMPLETED,500000,856.4693603515625,859.3443603515625,747.9734924316406,1.7828,True,completed full 500k profile; reused finite v2 result in v3 ledger
2026-05-12T14:45:33+00:00,completed,corl500k__cartpole-swingup__clean__adaptive_rhs__s1,completed,2065,1,cartpole-swingup,clean,adaptive_rhs,1,3,/home/goncalo/git/horizonsearch/tdmpc2-jax-codex/outputs/corl_pub_500k_v2/cartpole-swingup/clean/adaptive_rhs/s1,scripts/ncc_corl_adaptive_rhs_500k.sbatch,d1f3b5a428228dad30162019baae5cd65c172d4f,d1f3b5a428228dad30162019baae5cd65c172d4f,COMPLETED,500000,864.9244384765625,867.6514892578125,776.2833679199218,1.9489,True,completed full 500k profile; reused finite v2 result in v3 ledger
2026-05-12T01:40:16+00:00,completed,corl500k__cartpole-swingup__clean__adaptive_rhs__s15,completed,2040,1,cartpole-swingup,clean,adaptive_rhs,15,3,/home/goncalo/git/horizonsearch/tdmpc2-jax-codex/outputs/corl_pub_500k_v2/cartpole-swingup/clean/adaptive_rhs/s15,scripts/ncc_corl_adaptive_rhs_500k.sbatch,29be1ead4d5d788e3017f10d95b2a88680111f5d,29be1ead4d5d788e3017f10d95b2a88680111f5d,COMPLETED,500000,879.806640625,882.7789306640625,788.3719329833984,1.8614,True,completed full 500k profile; reused finite v2 result in v3 ledger
2026-05-13T07:13:19+00:00,completed,corl500k__cartpole-swingup__clean__adaptive_rhs__s7,completed,2095,1,cartpole-swingup,clean,adaptive_rhs,7,3,/home/goncalo/git/horizonsearch/tdmpc2-jax-codex/outputs/corl_pub_500k_v2/cartpole-swingup/clean/adaptive_rhs/s7,scripts/ncc_corl_adaptive_rhs_500k.sbatch,8c4a46a3f5e69445c94a92744d5d4171b18839fd,8c4a46a3f5e69445c94a92744d5d4171b18839fd,COMPLETED,500000,882.3837890625,882.3837890625,776.1772277832031,1.6233,True,completed full 500k profile; reused finite v2 result in v3 ledger
2026-05-12T14:14:32+00:00,completed,corl500k__cartpole-swingup__clean__paper_horizon__s1,completed,2064,1,cartpole-swingup,clean,paper_horizon,1,3,/home/goncalo/git/horizonsearch/tdmpc2-jax-codex/outputs/corl_pub_500k_v2/cartpole-swingup/clean/paper_horizon/s1,scripts/ncc_corl_paper_horizon_500k.sbatch,d1f3b5a428228dad30162019baae5cd65c172d4f,d1f3b5a428228dad30162019baae5cd65c172d4f,COMPLETED,500000,882.1182861328125,882.3153076171875,786.9374633789063,1.3750,True,completed full 500k profile; reused finite v2 result in v3 ledger
2026-05-12T00:55:14+00:00,completed,corl500k__cartpole-swingup__clean__paper_horizon__s15,completed,2039,1,cartpole-swingup,clean,paper_horizon,15,3,/home/goncalo/git/horizonsearch/tdmpc2-jax-codex/outputs/corl_pub_500k_v2/cartpole-swingup/clean/paper_horizon/s15,scripts/ncc_corl_paper_horizon_500k.sbatch,8f4b80288185ba5d31df8d7510297faecbb2798b,8f4b80288185ba5d31df8d7510297faecbb2798b,COMPLETED,500000,864.4862060546875,865.7396240234375,776.272915649414,1.3714,True,completed full 500k profile; reused finite v2 result in v3 ledger
2026-05-13T06:38:15+00:00,completed,corl500k__cartpole-swingup__clean__paper_horizon__s7,completed,2094,1,cartpole-swingup,clean,paper_horizon,7,3,/home/goncalo/git/horizonsearch/tdmpc2-jax-codex/outputs/corl_pub_500k_v2/cartpole-swingup/clean/paper_horizon/s7,scripts/ncc_corl_paper_horizon_500k.sbatch,945ff27852cb6a5202042e90cf94eb0b04245e9d,945ff27852cb6a5202042e90cf94eb0b04245e9d,COMPLETED,500000,878.4229736328125,882.83837890625,786.9003295898438,1.3653,True,completed full 500k profile; reused finite v2 result in v3 ledger
2026-05-12T08:16:47+00:00,completed,corl500k__cheetah-run__chaos__adaptive_rhs__s1,completed,2050,1,cheetah-run,chaos,adaptive_rhs,1,3,/home/goncalo/git/horizonsearch/tdmpc2-jax-codex/outputs/corl_pub_500k_v2/cheetah-run/chaos/adaptive_rhs/s1,scripts/ncc_corl_adaptive_rhs_500k.sbatch,cd5e1491289c6bd5e8640604b0e957363e34a5be,cd5e1491289c6bd5e8640604b0e957363e34a5be,COMPLETED,500000,501.057373046875,503.29833984375,368.0657585144043,2.3636,True,completed full 500k profile; reused finite v2 result in v3 ledger
2026-05-11T16:11:55+00:00,completed,corl500k__cheetah-run__chaos__adaptive_rhs__s15,completed,2011,1,cheetah-run,chaos,adaptive_rhs,15,3,/home/goncalo/git/horizonsearch/tdmpc2-jax-codex/outputs/corl_pub_500k_v2/cheetah-run/chaos/adaptive_rhs/s15,scripts/ncc_corl_adaptive_rhs_500k.sbatch,94b28228132599a660f2eb4ae75bf1f5d24c5df5,94b28228132599a660f2eb4ae75bf1f5d24c5df5,COMPLETED,500000,540.9439697265625,582.9393310546875,383.49269409179686,2.1908,True,completed full 500k profile; reused finite v2 result in v3 ledger
2026-05-13T01:27:16+00:00,completed,corl500k__cheetah-run__chaos__adaptive_rhs__s7,completed,2081,1,cheetah-run,chaos,adaptive_rhs,7,3,/home/goncalo/git/horizonsearch/tdmpc2-jax-codex/outputs/corl_pub_500k_v2/cheetah-run/chaos/adaptive_rhs/s7,scripts/ncc_corl_adaptive_rhs_500k.sbatch,6cdeec8acfe074e38f914516f9a9d16a41d331aa,6cdeec8acfe074e38f914516f9a9d16a41d331aa,COMPLETED,500000,595.9439086914062,632.2290649414062,394.67392883300784,2.1036,True,completed full 500k profile; reused finite v2 result in v3 ledger
2026-05-12T06:41:49+00:00,completed,corl500k__cheetah-run__chaos__paper_horizon__s1,completed,2049,1,cheetah-run,chaos,paper_horizon,1,3,/home/goncalo/git/horizonsearch/tdmpc2-jax-codex/outputs/corl_pub_500k_v2/cheetah-run/chaos/paper_horizon/s1,scripts/ncc_corl_paper_horizon_500k.sbatch,0b259e8cc98b214ab92a01768738e5ca06314495,0b259e8cc98b214ab92a01768738e5ca06314495,COMPLETED,500000,354.4768981933594,556.0848388671875,358.8154655456543,1.9397,True,completed full 500k profile; reused finite v2 result in v3 ledger
2026-05-11T18:32:43+00:00,completed,corl500k__cheetah-run__chaos__paper_horizon__s15,completed,2019,1,cheetah-run,chaos,paper_horizon,15,3,/home/goncalo/git/horizonsearch/tdmpc2-jax-codex/outputs/corl_pub_500k_v2/cheetah-run/chaos/paper_horizon/s15,scripts/ncc_corl_paper_horizon_500k.sbatch,b9c3697591c152418a7a00b9edcfa0d3d55b4ac1,b9c3697591c152418a7a00b9edcfa0d3d55b4ac1,COMPLETED,500000,528.18994140625,575.20751953125,382.6977264404297,1.9486,True,completed full 500k profile; reused finite v2 result in v3 ledger
2026-05-13T00:16:15+00:00,completed,corl500k__cheetah-run__chaos__paper_horizon__s7,completed,2078,1,cheetah-run,chaos,paper_horizon,7,3,/home/goncalo/git/horizonsearch/tdmpc2-jax-codex/outputs/corl_pub_500k_v2/cheetah-run/chaos/paper_horizon/s7,scripts/ncc_corl_paper_horizon_500k.sbatch,60962402abea3a1df6ddf1bd38a134c48c157c1f,60962402abea3a1df6ddf1bd38a134c48c157c1f,COMPLETED,500000,515.3593139648438,571.626953125,408.98929595947266,1.9381,True,completed full 500k profile; reused finite v2 result in v3 ledger
2026-05-12T05:31:23+00:00,completed,corl500k__cheetah-run__clean__adaptive_rhs__s1,completed,2048,1,cheetah-run,clean,adaptive_rhs,1,3,/home/goncalo/git/horizonsearch/tdmpc2-jax-codex/outputs/corl_pub_500k_v2/cheetah-run/clean/adaptive_rhs/s1,scripts/ncc_corl_adaptive_rhs_500k.sbatch,c20a7ea97a911a5ce9cff19eb5b8e136826fb8ae,c20a7ea97a911a5ce9cff19eb5b8e136826fb8ae,COMPLETED,500000,946.55224609375,948.9656982421875,767.9944091796875,1.6178,True,completed full 500k profile; reused finite v2 result in v3 ledger
2026-05-11T16:11:54+00:00,completed,corl500k__cheetah-run__clean__adaptive_rhs__s15,completed,2010,1,cheetah-run,clean,adaptive_rhs,15,3,/home/goncalo/git/horizonsearch/tdmpc2-jax-codex/outputs/corl_pub_500k_v2/cheetah-run/clean/adaptive_rhs/s15,scripts/ncc_corl_adaptive_rhs_500k.sbatch,94b28228132599a660f2eb4ae75bf1f5d24c5df5,94b28228132599a660f2eb4ae75bf1f5d24c5df5,COMPLETED,500000,905.61279296875,933.2421875,795.4776550292969,1.6339,True,completed full 500k profile; reused finite v2 result in v3 ledger
2026-05-12T23:35:45+00:00,completed,corl500k__cheetah-run__clean__adaptive_rhs__s7,completed,2077,1,cheetah-run,clean,adaptive_rhs,7,3,/home/goncalo/git/horizonsearch/tdmpc2-jax-codex/outputs/corl_pub_500k_v2/cheetah-run/clean/adaptive_rhs/s7,scripts/ncc_corl_adaptive_rhs_500k.sbatch,5cb6f0f2d6ecfa06854b81dae1be463c805d79d5,5cb6f0f2d6ecfa06854b81dae1be463c805d79d5,COMPLETED,500000,942.650390625,946.1692504882812,803.8886413574219,1.6353,True,completed full 500k profile; reused finite v2 result in v3 ledger
2026-05-12T04:46:21+00:00,completed,corl500k__cheetah-run__clean__paper_horizon__s1,completed,2047,1,cheetah-run,clean,paper_horizon,1,3,/home/goncalo/git/horizonsearch/tdmpc2-jax-codex/outputs/corl_pub_500k_v2/cheetah-run/clean/paper_horizon/s1,scripts/ncc_corl_paper_horizon_500k.sbatch,57f04c2675a3ea10f0f6e863e1339bd824b320d5,57f04c2675a3ea10f0f6e863e1339bd824b320d5,COMPLETED,500000,926.1539306640625,926.1539306640625,754.5916870117187,1.5064,True,completed full 500k profile; reused finite v2 result in v3 ledger
2026-05-11T18:07:47+00:00,completed,corl500k__cheetah-run__clean__paper_horizon__s15,completed,2018,1,cheetah-run,clean,paper_horizon,15,3,/home/goncalo/git/horizonsearch/tdmpc2-jax-codex/outputs/corl_pub_500k_v2/cheetah-run/clean/paper_horizon/s15,scripts/ncc_corl_paper_horizon_500k.sbatch,b9c3697591c152418a7a00b9edcfa0d3d55b4ac1,b9c3697591c152418a7a00b9edcfa0d3d55b4ac1,COMPLETED,500000,850.7359619140625,946.5159301757812,739.8451232910156,1.4961,True,completed full 500k profile; reused finite v2 result in v3 ledger
2026-05-12T23:15:43+00:00,completed,corl500k__cheetah-run__clean__paper_horizon__s7,completed,2076,1,cheetah-run,clean,paper_horizon,7,3,/home/goncalo/git/horizonsearch/tdmpc2-jax-codex/outputs/corl_pub_500k_v2/cheetah-run/clean/paper_horizon/s7,scripts/ncc_corl_paper_horizon_500k.sbatch,4a884eb16dcf4fb1a6c490c8f458c319cf8601e9,4a884eb16dcf4fb1a6c490c8f458c319cf8601e9,COMPLETED,500000,943.9610595703125,943.9610595703125,751.1382080078125,1.5033,True,completed full 500k profile; reused finite v2 result in v3 ledger
2026-05-12T12:47:02+00:00,completed,corl500k__finger-turn_hard__chaos__adaptive_rhs__s1,completed,2058,1,finger-turn_hard,chaos,adaptive_rhs,1,3,/home/goncalo/git/horizonsearch/tdmpc2-jax-codex/outputs/corl_pub_500k_v2/finger-turn_hard/chaos/adaptive_rhs/s1,scripts/ncc_corl_adaptive_rhs_500k.sbatch,a3444c23be81b96306f5372fef2859f501157823,a3444c23be81b96306f5372fef2859f501157823,COMPLETED,500000,448.70001220703125,741.8499755859375,490.7200042724609,2.0511,True,completed full 500k profile; reused finite v2 result in v3 ledger
2026-05-11T23:30:16+00:00,completed,corl500k__finger-turn_hard__chaos__adaptive_rhs__s15,completed,2034,1,finger-turn_hard,chaos,adaptive_rhs,15,3,/home/goncalo/git/horizonsearch/tdmpc2-jax-codex/outputs/corl_pub_500k_v2/finger-turn_hard/chaos/adaptive_rhs/s15,scripts/ncc_corl_adaptive_rhs_500k.sbatch,37dc9e3f7dc547921a602c085ba28564382aabab,37dc9e3f7dc547921a602c085ba28564382aabab,COMPLETED,500000,753.4500122070312,773.7000122070312,537.0099975585938,2.0622,True,completed full 500k profile; reused finite v2 result in v3 ledger
2026-05-13T05:12:51+00:00,completed,corl500k__finger-turn_hard__chaos__adaptive_rhs__s7,completed,2089,1,finger-turn_hard,chaos,adaptive_rhs,7,3,/home/goncalo/git/horizonsearch/tdmpc2-jax-codex/outputs/corl_pub_500k_v2/finger-turn_hard/chaos/adaptive_rhs/s7,scripts/ncc_corl_adaptive_rhs_500k.sbatch,bc088585763b70c3633908f2122f434bb0c2982d,bc088585763b70c3633908f2122f434bb0c2982d,COMPLETED,500000,838.75,838.75,503.4274963378906,2.2081,True,completed full 500k profile; reused finite v2 result in v3 ledger
2026-05-12T10:54:28+00:00,completed,corl500k__finger-turn_hard__chaos__paper_horizon__s1,completed,2057,1,finger-turn_hard,chaos,paper_horizon,1,3,/home/goncalo/git/horizonsearch/tdmpc2-jax-codex/outputs/corl_pub_500k_v2/finger-turn_hard/chaos/paper_horizon/s1,scripts/ncc_corl_paper_horizon_500k.sbatch,1215c6e667377f843f870fb3af75054f5a9c195c,1215c6e667377f843f870fb3af75054f5a9c195c,COMPLETED,500000,651.0,651.0,391.7750015258789,1.9503,True,completed full 500k profile; reused finite v2 result in v3 ledger
2026-05-11T22:49:15+00:00,completed,corl500k__finger-turn_hard__chaos__paper_horizon__s15,completed,2033,1,finger-turn_hard,chaos,paper_horizon,15,3,/home/goncalo/git/horizonsearch/tdmpc2-jax-codex/outputs/corl_pub_500k_v2/finger-turn_hard/chaos/paper_horizon/s15,scripts/ncc_corl_paper_horizon_500k.sbatch,f2b02df8b3a9db29f94183b4b1d16b3c57665e18,f2b02df8b3a9db29f94183b4b1d16b3c57665e18,COMPLETED,500000,510.1000061035156,761.1500244140625,500.50249633789065,1.9692,True,completed full 500k profile; reused finite v2 result in v3 ledger
2026-05-13T04:27:49+00:00,completed,corl500k__finger-turn_hard__chaos__paper_horizon__s7,completed,2088,1,finger-turn_hard,chaos,paper_horizon,7,3,/home/goncalo/git/horizonsearch/tdmpc2-jax-codex/outputs/corl_pub_500k_v2/finger-turn_hard/chaos/paper_horizon/s7,scripts/ncc_corl_paper_horizon_500k.sbatch,434861c1133684714014433c971909fde411add9,434861c1133684714014433c971909fde411add9,COMPLETED,500000,580.4500122070312,778.5499877929688,566.8249969482422,1.9353,True,completed full 500k profile; reused finite v2 result in v3 ledger
2026-05-12T09:59:56+00:00,completed,corl500k__finger-turn_hard__clean__adaptive_rhs__s1,completed,2056,1,finger-turn_hard,clean,adaptive_rhs,1,3,/home/goncalo/git/horizonsearch/tdmpc2-jax-codex/outputs/corl_pub_500k_v2/finger-turn_hard/clean/adaptive_rhs/s1,scripts/ncc_corl_adaptive_rhs_500k.sbatch,aacfa569e77d0e8fc11942c6f847702ea1df21d9,aacfa569e77d0e8fc11942c6f847702ea1df21d9,COMPLETED,500000,918.7999877929688,963.2999877929688,678.7450012207031,1.6567,True,completed full 500k profile; reused finite v2 result in v3 ledger
2026-05-11T22:09:17+00:00,completed,corl500k__finger-turn_hard__clean__adaptive_rhs__s15,completed,2032,1,finger-turn_hard,clean,adaptive_rhs,15,3,/home/goncalo/git/horizonsearch/tdmpc2-jax-codex/outputs/corl_pub_500k_v2/finger-turn_hard/clean/adaptive_rhs/s15,scripts/ncc_corl_adaptive_rhs_500k.sbatch,4bf090ef4e138a5f61fe061500f159fc2d10160e,4bf090ef4e138a5f61fe061500f159fc2d10160e,COMPLETED,500000,928.9000244140625,978.1500244140625,796.1199981689454,1.6033,True,completed full 500k profile; reused finite v2 result in v3 ledger
2026-05-13T03:37:46+00:00,completed,corl500k__finger-turn_hard__clean__adaptive_rhs__s7,completed,2087,1,finger-turn_hard,clean,adaptive_rhs,7,3,/home/goncalo/git/horizonsearch/tdmpc2-jax-codex/outputs/corl_pub_500k_v2/finger-turn_hard/clean/adaptive_rhs/s7,scripts/ncc_corl_adaptive_rhs_500k.sbatch,e0b1dc2d1392023aa43f114fcf3e3056057d75b2,e0b1dc2d1392023aa43f114fcf3e3056057d75b2,COMPLETED,500000,916.9500122070312,924.4000244140625,688.3475006103515,1.6036,True,completed full 500k profile; reused finite v2 result in v3 ledger
2026-05-12T09:54:25+00:00,completed,corl500k__finger-turn_hard__clean__paper_horizon__s1,completed,2055,1,finger-turn_hard,clean,paper_horizon,1,3,/home/goncalo/git/horizonsearch/tdmpc2-jax-codex/outputs/corl_pub_500k_v2/finger-turn_hard/clean/paper_horizon/s1,scripts/ncc_corl_paper_horizon_500k.sbatch,aacfa569e77d0e8fc11942c6f847702ea1df21d9,aacfa569e77d0e8fc11942c6f847702ea1df21d9,COMPLETED,500000,772.7000122070312,967.0999755859375,656.9625,1.4947,True,completed full 500k profile; reused finite v2 result in v3 ledger
2026-05-11T21:24:14+00:00,completed,corl500k__finger-turn_hard__clean__paper_horizon__s15,completed,2031,1,finger-turn_hard,clean,paper_horizon,15,3,/home/goncalo/git/horizonsearch/tdmpc2-jax-codex/outputs/corl_pub_500k_v2/finger-turn_hard/clean/paper_horizon/s15,scripts/ncc_corl_paper_horizon_500k.sbatch,ced42b0e5f270c0edbc9c4ba3a3bcb1eec03e06e,ced42b0e5f270c0edbc9c4ba3a3bcb1eec03e06e,COMPLETED,500000,884.5999755859375,973.0999755859375,776.4849975585937,1.4978,True,completed full 500k profile; reused finite v2 result in v3 ledger
2026-05-13T02:57:46+00:00,completed,corl500k__finger-turn_hard__clean__paper_horizon__s7,completed,2086,1,finger-turn_hard,clean,paper_horizon,7,3,/home/goncalo/git/horizonsearch/tdmpc2-jax-codex/outputs/corl_pub_500k_v2/finger-turn_hard/clean/paper_horizon/s7,scripts/ncc_corl_paper_horizon_500k.sbatch,7c8c020d142a1e59058fbc3557ecc68bb8c4fab0,7c8c020d142a1e59058fbc3557ecc68bb8c4fab0,COMPLETED,500000,818.2000122070312,971.5999755859375,722.6149917602539,1.5031,True,completed full 500k profile; reused finite v2 result in v3 ledger
2026-05-12T12:47:03+00:00,completed,corl500k__fish-swim__clean__adaptive_rhs__s1,completed,2060,1,fish-swim,clean,adaptive_rhs,1,3,/home/goncalo/git/horizonsearch/tdmpc2-jax-codex/outputs/corl_pub_500k_v2/fish-swim/clean/adaptive_rhs/s1,scripts/ncc_corl_adaptive_rhs_500k.sbatch,570c003f2a88de931bb8e817051330353f948f98,570c003f2a88de931bb8e817051330353f948f98,COMPLETED,500000,658.2686767578125,712.9466552734375,495.52266731262205,1.5214,True,completed full 500k profile; reused finite v2 result in v3 ledger
2026-05-11T23:45:16+00:00,completed,corl500k__fish-swim__clean__adaptive_rhs__s15,completed,2036,1,fish-swim,clean,adaptive_rhs,15,3,/home/goncalo/git/horizonsearch/tdmpc2-jax-codex/outputs/corl_pub_500k_v2/fish-swim/clean/adaptive_rhs/s15,scripts/ncc_corl_adaptive_rhs_500k.sbatch,ce2adcde3d9300bd934ed28a5748b0c814eaacf5,ce2adcde3d9300bd934ed28a5748b0c814eaacf5,COMPLETED,500000,543.2359008789062,758.9927978515625,486.6535133361816,1.5189,True,completed full 500k profile; reused finite v2 result in v3 ledger
2026-05-13T05:33:20+00:00,completed,corl500k__fish-swim__clean__adaptive_rhs__s7,completed,2091,1,fish-swim,clean,adaptive_rhs,7,3,/home/goncalo/git/horizonsearch/tdmpc2-jax-codex/outputs/corl_pub_500k_v2/fish-swim/clean/adaptive_rhs/s7,scripts/ncc_corl_adaptive_rhs_500k.sbatch,f5555e93234ed66636a7534b817de4316e16324c,f5555e93234ed66636a7534b817de4316e16324c,COMPLETED,500000,674.2273559570312,749.3670654296875,496.24895133972166,1.5108,True,completed full 500k profile; reused finite v2 result in v3 ledger
2026-05-12T11:24:57+00:00,completed,corl500k__fish-swim__clean__paper_horizon__s1,completed,2059,1,fish-swim,clean,paper_horizon,1,3,/home/goncalo/git/horizonsearch/tdmpc2-jax-codex/outputs/corl_pub_500k_v2/fish-swim/clean/paper_horizon/s1,scripts/ncc_corl_paper_horizon_500k.sbatch,005d9b4c5357452a5f645b629269d83c4a7c5587,005d9b4c5357452a5f645b629269d83c4a7c5587,COMPLETED,500000,648.5584106445312,731.5545043945312,483.13920402526855,1.4044,True,completed full 500k profile; reused finite v2 result in v3 ledger
2026-05-11T23:04:43+00:00,completed,corl500k__fish-swim__clean__paper_horizon__s15,completed,2035,1,fish-swim,clean,paper_horizon,15,3,/home/goncalo/git/horizonsearch/tdmpc2-jax-codex/outputs/corl_pub_500k_v2/fish-swim/clean/paper_horizon/s15,scripts/ncc_corl_paper_horizon_500k.sbatch,fdefe3e561ed04f75226431b8812cb6013d08362,fdefe3e561ed04f75226431b8812cb6013d08362,COMPLETED,500000,645.4307861328125,744.2013549804688,534.2688835144043,1.3894,True,completed full 500k profile; reused finite v2 result in v3 ledger
2026-05-13T05:07:53+00:00,completed,corl500k__fish-swim__clean__paper_horizon__s7,completed,2090,1,fish-swim,clean,paper_horizon,7,3,/home/goncalo/git/horizonsearch/tdmpc2-jax-codex/outputs/corl_pub_500k_v2/fish-swim/clean/paper_horizon/s7,scripts/ncc_corl_paper_horizon_500k.sbatch,db1c5b2cdeb15fa60af4f29ec48bfd0f31e12050,db1c5b2cdeb15fa60af4f29ec48bfd0f31e12050,COMPLETED,500000,723.5570678710938,773.7379150390625,488.8435760498047,1.4208,True,completed full 500k profile; reused finite v2 result in v3 ledger
2026-05-12T10:49:29+00:00,completed,corl500k__hopper-hop__chaos__adaptive_rhs__s1,completed,2054,1,hopper-hop,chaos,adaptive_rhs,1,3,/home/goncalo/git/horizonsearch/tdmpc2-jax-codex/outputs/corl_pub_500k_v2/hopper-hop/chaos/adaptive_rhs/s1,scripts/ncc_corl_adaptive_rhs_500k.sbatch,aacfa569e77d0e8fc11942c6f847702ea1df21d9,aacfa569e77d0e8fc11942c6f847702ea1df21d9,COMPLETED,500000,278.0970153808594,278.0970153808594,186.39247219562532,2.4625,True,completed full 500k profile; reused finite v2 result in v3 ledger
2026-05-11T21:39:15+00:00,completed,corl500k__hopper-hop__chaos__adaptive_rhs__s15,completed,2029,1,hopper-hop,chaos,adaptive_rhs,15,3,/home/goncalo/git/horizonsearch/tdmpc2-jax-codex/outputs/corl_pub_500k_v2/hopper-hop/chaos/adaptive_rhs/s15,scripts/ncc_corl_adaptive_rhs_500k.sbatch,a0ff4833b012d086ac78f0f2d18169bbd7069af7,a0ff4833b012d086ac78f0f2d18169bbd7069af7,COMPLETED,500000,138.97103881835938,155.995361328125,95.69363538362086,2.5467,True,completed full 500k profile; reused finite v2 result in v3 ledger
2026-05-13T03:57:45+00:00,completed,corl500k__hopper-hop__chaos__adaptive_rhs__s7,completed,2085,1,hopper-hop,chaos,adaptive_rhs,7,3,/home/goncalo/git/horizonsearch/tdmpc2-jax-codex/outputs/corl_pub_500k_v2/hopper-hop/chaos/adaptive_rhs/s7,scripts/ncc_corl_adaptive_rhs_500k.sbatch,4707bb7c11514043bfe6f48827320f9ed6b19157,4707bb7c11514043bfe6f48827320f9ed6b19157,COMPLETED,500000,159.09022521972656,159.64846801757812,111.78927655220032,2.5819,True,completed full 500k profile; reused finite v2 result in v3 ledger
2026-05-12T08:53:53+00:00,completed,corl500k__hopper-hop__chaos__paper_horizon__s1,completed,2053,1,hopper-hop,chaos,paper_horizon,1,3,/home/goncalo/git/horizonsearch/tdmpc2-jax-codex/outputs/corl_pub_500k_v2/hopper-hop/chaos/paper_horizon/s1,scripts/ncc_corl_paper_horizon_500k.sbatch,e0d2ac7a7fbb9459ae64b07fb2f9cfd3cb6481ca,e0d2ac7a7fbb9459ae64b07fb2f9cfd3cb6481ca,COMPLETED,500000,166.8194122314453,172.61434936523438,125.37431211471558,2.1450,True,completed full 500k profile; reused finite v2 result in v3 ledger
2026-05-11T20:49:12+00:00,completed,corl500k__hopper-hop__chaos__paper_horizon__s15,completed,2024,1,hopper-hop,chaos,paper_horizon,15,3,/home/goncalo/git/horizonsearch/tdmpc2-jax-codex/outputs/corl_pub_500k_v2/hopper-hop/chaos/paper_horizon/s15,scripts/ncc_corl_paper_horizon_500k.sbatch,907bf39c553891cc19f51b2e3c83a1f4f63b001b,907bf39c553891cc19f51b2e3c83a1f4f63b001b,COMPLETED,500000,158.22964477539062,158.22964477539062,82.59752605184913,2.1658,True,completed full 500k profile; reused finite v2 result in v3 ledger
2026-05-13T02:27:16+00:00,completed,corl500k__hopper-hop__chaos__paper_horizon__s7,completed,2084,1,hopper-hop,chaos,paper_horizon,7,3,/home/goncalo/git/horizonsearch/tdmpc2-jax-codex/outputs/corl_pub_500k_v2/hopper-hop/chaos/paper_horizon/s7,scripts/ncc_corl_paper_horizon_500k.sbatch,c4bc8f83707c92126ad7c37f605e367491dde15c,c4bc8f83707c92126ad7c37f605e367491dde15c,COMPLETED,500000,292.3993835449219,292.3993835449219,185.45206480026246,2.1378,True,completed full 500k profile; reused finite v2 result in v3 ledger
2026-05-12T08:16:49+00:00,completed,corl500k__hopper-hop__clean__adaptive_rhs__s1,completed,2052,1,hopper-hop,clean,adaptive_rhs,1,3,/home/goncalo/git/horizonsearch/tdmpc2-jax-codex/outputs/corl_pub_500k_v2/hopper-hop/clean/adaptive_rhs/s1,scripts/ncc_corl_adaptive_rhs_500k.sbatch,04268abed23989f0482853bd0f42085fb6510c69,04268abed23989f0482853bd0f42085fb6510c69,COMPLETED,500000,570.1458740234375,570.1458740234375,360.4867978692055,1.8286,True,completed full 500k profile; reused finite v2 result in v3 ledger
2026-05-11T20:29:15+00:00,completed,corl500k__hopper-hop__clean__adaptive_rhs__s15,completed,2022,1,hopper-hop,clean,adaptive_rhs,15,3,/home/goncalo/git/horizonsearch/tdmpc2-jax-codex/outputs/corl_pub_500k_v2/hopper-hop/clean/adaptive_rhs/s15,scripts/ncc_corl_adaptive_rhs_500k.sbatch,31b5669819712dd9942cd7279f2b30530e8e8c6d,31b5669819712dd9942cd7279f2b30530e8e8c6d,COMPLETED,500000,357.9227294921875,562.0385131835938,335.30341943204405,1.8725,True,completed full 500k profile; reused finite v2 result in v3 ledger
2026-05-13T01:57:14+00:00,completed,corl500k__hopper-hop__clean__adaptive_rhs__s7,completed,2083,1,hopper-hop,clean,adaptive_rhs,7,3,/home/goncalo/git/horizonsearch/tdmpc2-jax-codex/outputs/corl_pub_500k_v2/hopper-hop/clean/adaptive_rhs/s7,scripts/ncc_corl_adaptive_rhs_500k.sbatch,52a25321e2919897d968e52e297874bae90cf7c3,52a25321e2919897d968e52e297874bae90cf7c3,COMPLETED,500000,469.66290283203125,483.65618896484375,343.55018730163573,1.8572,True,completed full 500k profile; reused finite v2 result in v3 ledger
2026-05-12T08:16:48+00:00,completed,corl500k__hopper-hop__clean__paper_horizon__s1,completed,2051,1,hopper-hop,clean,paper_horizon,1,3,/home/goncalo/git/horizonsearch/tdmpc2-jax-codex/outputs/corl_pub_500k_v2/hopper-hop/clean/paper_horizon/s1,scripts/ncc_corl_paper_horizon_500k.sbatch,d2cd6f5bc863a375a327b190393e7240b74efaeb,d2cd6f5bc863a375a327b190393e7240b74efaeb,COMPLETED,500000,542.8048706054688,634.1515502929688,324.82984546273946,1.7208,True,completed full 500k profile; reused finite v2 result in v3 ledger
2026-05-11T19:53:45+00:00,completed,corl500k__hopper-hop__clean__paper_horizon__s15,completed,2020,1,hopper-hop,clean,paper_horizon,15,3,/home/goncalo/git/horizonsearch/tdmpc2-jax-codex/outputs/corl_pub_500k_v2/hopper-hop/clean/paper_horizon/s15,scripts/ncc_corl_paper_horizon_500k.sbatch,e5af6792092a4e8130c6638299749e7eeebeb0d9,e5af6792092a4e8130c6638299749e7eeebeb0d9,COMPLETED,500000,559.2755126953125,567.3057250976562,316.3037506982684,1.7308,True,completed full 500k profile; reused finite v2 result in v3 ledger
2026-05-13T01:21:45+00:00,completed,corl500k__hopper-hop__clean__paper_horizon__s7,completed,2082,1,hopper-hop,clean,paper_horizon,7,3,/home/goncalo/git/horizonsearch/tdmpc2-jax-codex/outputs/corl_pub_500k_v2/hopper-hop/clean/paper_horizon/s7,scripts/ncc_corl_paper_horizon_500k.sbatch,122527a84922f0781601f4c851394a7d83b78444,122527a84922f0781601f4c851394a7d83b78444,COMPLETED,500000,514.8854370117188,574.5623168945312,406.824285697937,1.7144,True,completed full 500k profile; reused finite v2 result in v3 ledger
2026-05-12T05:41:47+00:00,completed,corl500k__quadruped-run__chaos__adaptive_rhs__s1,completed,2046,1,quadruped-run,chaos,adaptive_rhs,1,3,/home/goncalo/git/horizonsearch/tdmpc2-jax-codex/outputs/corl_pub_500k_v2/quadruped-run/chaos/adaptive_rhs/s1,scripts/ncc_corl_adaptive_rhs_500k.sbatch,0c78c0b8d04e78cb2c12e22eeb6a4459160609bc,0c78c0b8d04e78cb2c12e22eeb6a4459160609bc,COMPLETED,500000,732.8848876953125,732.8848876953125,493.42053146362304,2.6400,True,completed full 500k profile; reused finite v2 result in v3 ledger
2026-05-11T16:34:17+00:00,completed,corl500k__quadruped-run__chaos__adaptive_rhs__s15,completed,2009,1,quadruped-run,chaos,adaptive_rhs,15,3,/home/goncalo/git/horizonsearch/tdmpc2-jax-codex/outputs/corl_pub_500k_v2/quadruped-run/chaos/adaptive_rhs/s15,scripts/ncc_corl_adaptive_rhs_500k.sbatch,94b28228132599a660f2eb4ae75bf1f5d24c5df5,94b28228132599a660f2eb4ae75bf1f5d24c5df5,COMPLETED,500000,810.0067138671875,810.0067138671875,498.6997745513916,2.5639,True,completed full 500k profile; reused finite v2 result in v3 ledger
2026-05-13T00:01:19+00:00,completed,corl500k__quadruped-run__chaos__adaptive_rhs__s7,completed,2075,1,quadruped-run,chaos,adaptive_rhs,7,3,/home/goncalo/git/horizonsearch/tdmpc2-jax-codex/outputs/corl_pub_500k_v2/quadruped-run/chaos/adaptive_rhs/s7,scripts/ncc_corl_adaptive_rhs_500k.sbatch,06f10357d71a8248b229f22056739a6a581879bb,06f10357d71a8248b229f22056739a6a581879bb,COMPLETED,500000,722.1163330078125,722.1163330078125,477.90154762268065,2.5597,True,completed full 500k profile; reused finite v2 result in v3 ledger
2026-05-12T05:06:17+00:00,completed,corl500k__quadruped-run__chaos__paper_horizon__s1,completed,2045,1,quadruped-run,chaos,paper_horizon,1,3,/home/goncalo/git/horizonsearch/tdmpc2-jax-codex/outputs/corl_pub_500k_v2/quadruped-run/chaos/paper_horizon/s1,scripts/ncc_corl_paper_horizon_500k.sbatch,034a32fc751b695dbfe15a46102e91a1c1a18224,034a32fc751b695dbfe15a46102e91a1c1a18224,COMPLETED,500000,660.83251953125,682.9598388671875,474.7168281555176,2.4253,True,completed full 500k profile; reused finite v2 result in v3 ledger
2026-05-11T19:03:16+00:00,completed,corl500k__quadruped-run__chaos__paper_horizon__s15,completed,2017,1,quadruped-run,chaos,paper_horizon,15,3,/home/goncalo/git/horizonsearch/tdmpc2-jax-codex/outputs/corl_pub_500k_v2/quadruped-run/chaos/paper_horizon/s15,scripts/ncc_corl_paper_horizon_500k.sbatch,b9c3697591c152418a7a00b9edcfa0d3d55b4ac1,b9c3697591c152418a7a00b9edcfa0d3d55b4ac1,COMPLETED,500000,576.1348876953125,675.8912353515625,496.8342658996582,2.4244,True,completed full 500k profile; reused finite v2 result in v3 ledger
2026-05-12T22:15:45+00:00,completed,corl500k__quadruped-run__chaos__paper_horizon__s7,completed,2074,1,quadruped-run,chaos,paper_horizon,7,3,/home/goncalo/git/horizonsearch/tdmpc2-jax-codex/outputs/corl_pub_500k_v2/quadruped-run/chaos/paper_horizon/s7,scripts/ncc_corl_paper_horizon_500k.sbatch,d03260b16f440265fefc7436d931ebd0a5b80ad1,d03260b16f440265fefc7436d931ebd0a5b80ad1,COMPLETED,500000,807.7684936523438,807.7684936523438,461.6698797225952,2.4144,True,completed full 500k profile; reused finite v2 result in v3 ledger
2026-05-12T03:51:18+00:00,completed,corl500k__quadruped-run__clean__adaptive_rhs__s1,completed,2044,1,quadruped-run,clean,adaptive_rhs,1,3,/home/goncalo/git/horizonsearch/tdmpc2-jax-codex/outputs/corl_pub_500k_v2/quadruped-run/clean/adaptive_rhs/s1,scripts/ncc_corl_adaptive_rhs_500k.sbatch,a03f22e7014b94a060c9b9348e580b0a874a20e1,a03f22e7014b94a060c9b9348e580b0a874a20e1,COMPLETED,500000,913.6036376953125,928.6715087890625,689.8272350311279,2.1294,True,completed full 500k profile; reused finite v2 result in v3 ledger
2026-05-11T16:13:03+00:00,completed,corl500k__quadruped-run__clean__adaptive_rhs__s15,completed,2008,1,quadruped-run,clean,adaptive_rhs,15,3,/home/goncalo/git/horizonsearch/tdmpc2-jax-codex/outputs/corl_pub_500k_v2/quadruped-run/clean/adaptive_rhs/s15,scripts/ncc_corl_adaptive_rhs_500k.sbatch,94b28228132599a660f2eb4ae75bf1f5d24c5df5,94b28228132599a660f2eb4ae75bf1f5d24c5df5,COMPLETED,500000,923.7684326171875,923.7684326171875,717.1008171081543,2.2486,True,completed full 500k profile; reused finite v2 result in v3 ledger
2026-05-12T21:55:15+00:00,completed,corl500k__quadruped-run__clean__adaptive_rhs__s7,completed,2073,1,quadruped-run,clean,adaptive_rhs,7,3,/home/goncalo/git/horizonsearch/tdmpc2-jax-codex/outputs/corl_pub_500k_v2/quadruped-run/clean/adaptive_rhs/s7,scripts/ncc_corl_adaptive_rhs_500k.sbatch,d03260b16f440265fefc7436d931ebd0a5b80ad1,d03260b16f440265fefc7436d931ebd0a5b80ad1,COMPLETED,500000,839.8955078125,839.8955078125,589.7806167602539,2.0992,True,completed full 500k profile; reused finite v2 result in v3 ledger
2026-05-12T03:00:46+00:00,completed,corl500k__quadruped-run__clean__paper_horizon__s1,completed,2043,1,quadruped-run,clean,paper_horizon,1,3,/home/goncalo/git/horizonsearch/tdmpc2-jax-codex/outputs/corl_pub_500k_v2/quadruped-run/clean/paper_horizon/s1,scripts/ncc_corl_paper_horizon_500k.sbatch,770f9b65742807e972b0b9fc51673fce1491d9fe,770f9b65742807e972b0b9fc51673fce1491d9fe,COMPLETED,500000,881.8361206054688,886.1466674804688,684.1455657958984,1.9267,True,completed full 500k profile; reused finite v2 result in v3 ledger
2026-05-11T18:38:14+00:00,completed,corl500k__quadruped-run__clean__paper_horizon__s15,completed,2016,1,quadruped-run,clean,paper_horizon,15,3,/home/goncalo/git/horizonsearch/tdmpc2-jax-codex/outputs/corl_pub_500k_v2/quadruped-run/clean/paper_horizon/s15,scripts/ncc_corl_paper_horizon_500k.sbatch,b9c3697591c152418a7a00b9edcfa0d3d55b4ac1,b9c3697591c152418a7a00b9edcfa0d3d55b4ac1,COMPLETED,500000,910.9554443359375,911.5594482421875,613.893305015564,1.9872,True,completed full 500k profile; reused finite v2 result in v3 ledger
2026-05-12T21:50:16+00:00,completed,corl500k__quadruped-run__clean__paper_horizon__s7,completed,2072,1,quadruped-run,clean,paper_horizon,7,3,/home/goncalo/git/horizonsearch/tdmpc2-jax-codex/outputs/corl_pub_500k_v2/quadruped-run/clean/paper_horizon/s7,scripts/ncc_corl_paper_horizon_500k.sbatch,d03260b16f440265fefc7436d931ebd0a5b80ad1,d03260b16f440265fefc7436d931ebd0a5b80ad1,COMPLETED,500000,879.2933349609375,879.2933349609375,671.9145214080811,1.9550,True,completed full 500k profile; reused finite v2 result in v3 ledger
2026-05-13T10:15:11+00:00,launch,corl500k__quadruped-run__clean__paper_horizon__s23,launched,2101,1,quadruped-run,clean,paper_horizon,23,3,/home/goncalo/git/horizonsearch/tdmpc2-jax-codex/outputs/corl_pub_500k_v3/quadruped-run/clean/paper_horizon/s23,scripts/ncc_corl_paper_horizon_500k.sbatch,7e74789b231ddc04ea64078a28dabddcfd51138c,7e74789b231ddc04ea64078a28dabddcfd51138c,,,,,,,,500k full profile
2026-05-13T10:15:12+00:00,launch,corl500k__quadruped-run__clean__adaptive_rhs__s23,launched,2102,1,quadruped-run,clean,adaptive_rhs,23,3,/home/goncalo/git/horizonsearch/tdmpc2-jax-codex/outputs/corl_pub_500k_v3/quadruped-run/clean/adaptive_rhs/s23,scripts/ncc_corl_adaptive_rhs_500k.sbatch,7e74789b231ddc04ea64078a28dabddcfd51138c,7e74789b231ddc04ea64078a28dabddcfd51138c,,,,,,,,500k full profile
2026-05-13T10:15:12+00:00,launch,corl500k__quadruped-run__chaos__paper_horizon__s23,launched,2103,1,quadruped-run,chaos,paper_horizon,23,3,/home/goncalo/git/horizonsearch/tdmpc2-jax-codex/outputs/corl_pub_500k_v3/quadruped-run/chaos/paper_horizon/s23,scripts/ncc_corl_paper_horizon_500k.sbatch,7e74789b231ddc04ea64078a28dabddcfd51138c,7e74789b231ddc04ea64078a28dabddcfd51138c,,,,,,,,500k full profile
2026-05-13T10:46:53+00:00,failed,corl500k__quadruped-run__chaos__paper_horizon__s23,retryable,2103,1,quadruped-run,chaos,paper_horizon,23,3,/home/goncalo/git/horizonsearch/tdmpc2-jax-codex/outputs/corl_pub_500k_v3/quadruped-run/chaos/paper_horizon/s23,scripts/ncc_corl_paper_horizon_500k.sbatch,7e74789b231ddc04ea64078a28dabddcfd51138c,7e74789b231ddc04ea64078a28dabddcfd51138c,CANCELLED by 1002,50000,143.7495574951172,143.7495574951172,,0.5253,True,SLURM state CANCELLED by 1002; exit=0:0
2026-05-13T10:47:00+00:00,launch,gate_repair__fish-swim__chaos__diagnostic_s23,launched,2106,1,fish-swim,chaos,mjx_gate_diagnostic,23,3,/tmp/tdmpc2-jax-corl-v3/fish_chaos_gate_s23,scripts/ncc_mjx_gate.sbatch,4f6c7568e3496d642189c0439ec7f37212014020,4f6c7568e3496d642189c0439ec7f37212014020,,,,,,,,500k full profile
2026-05-13T11:11:33+00:00,failed,gate_repair__fish-swim__chaos__diagnostic_s23,retryable,2106,1,fish-swim,chaos,mjx_gate_tiny_full_chaos,23,3,/tmp/tdmpc2-jax-corl-v3/fish_tiny_full_chaos_s23,scripts/ncc_mjx_gate.sbatch,4f6c7568e3496d642189c0439ec7f37212014020,4f6c7568e3496d642189c0439ec7f37212014020,CANCELLED by 1002,,,,,0.3981,False,"missing gate artifact runs/results/mjx_gates_chaos_diag/fish-swim/full_chaos_tiny_s23/mjx_gate.json; cached_artifacts=0; missing_artifacts=/tmp/tdmpc2-jax-corl-v3/fish_tiny_full_chaos_s23/fish-swim/mjx_gate.json,/tmp/tdmpc2-jax-corl-v3/fish_tiny_full_chaos_s23/mjx_gate_summary.json"
2026-05-13T11:11:43+00:00,launch,gate_repair__fish-swim__clean__tiny_s23,launched,2108,1,fish-swim,clean,mjx_gate_tiny_clean,23,3,/tmp/tdmpc2-jax-corl-v3/fish_tiny_clean_s23,scripts/ncc_mjx_gate.sbatch,5692ee1233e7911e699f09091ed253ff8464aca9,5692ee1233e7911e699f09091ed253ff8464aca9,,,,,,,,gate repair diagnostic
2026-05-13T11:13:23+00:00,completed,gate_repair__fish-swim__clean__tiny_s23,passed,2108,1,fish-swim,clean,mjx_gate_tiny_clean,23,3,/tmp/tdmpc2-jax-corl-v3/fish_tiny_clean_s23,scripts/ncc_mjx_gate.sbatch,5692ee1233e7911e699f09091ed253ff8464aca9,5692ee1233e7911e699f09091ed253ff8464aca9,COMPLETED,,,,,0.0103,True,passed gate runs/results/mjx_gates_chaos_diag/fish-swim/clean_tiny_s23/mjx_gate.json; cached_artifacts=2
2026-05-13T11:17:59+00:00,launch,gate_repair__fish-swim__actuator_only__tiny_s23,launched,2114,1,fish-swim,chaos,mjx_gate_tiny_actuator_only,23,3,/tmp/tdmpc2-jax-corl-v3/fish_tiny_actuator_only_s23,scripts/ncc_mjx_gate.sbatch,68d2442483f909f00159cfc058b7b4a753990062,68d2442483f909f00159cfc058b7b4a753990062,,,,,,,,gate repair diagnostic
2026-05-13T11:19:47+00:00,completed,gate_repair__fish-swim__actuator_only__tiny_s23,passed,2114,1,fish-swim,chaos,mjx_gate_tiny_actuator_only,23,3,/tmp/tdmpc2-jax-corl-v3/fish_tiny_actuator_only_s23,scripts/ncc_mjx_gate.sbatch,68d2442483f909f00159cfc058b7b4a753990062,68d2442483f909f00159cfc058b7b4a753990062,COMPLETED,,,,,0.0117,True,passed gate runs/results/mjx_gates_chaos_diag/fish-swim/actuator_only_tiny_s23/mjx_gate.json; cached_artifacts=2
2026-05-13T11:19:58+00:00,launch,gate_repair__fish-swim__obs_noise_only__tiny_s23,launched,2116,1,fish-swim,chaos,mjx_gate_tiny_obs_noise_only,23,3,/tmp/tdmpc2-jax-corl-v3/fish_tiny_obs_noise_only_s23,scripts/ncc_mjx_gate.sbatch,6d90f66a8ce5e38dd15bd14cb2a9cc4a3fed34e0,6d90f66a8ce5e38dd15bd14cb2a9cc4a3fed34e0,,,,,,,,gate repair diagnostic
2026-05-13T11:21:16+00:00,completed,gate_repair__fish-swim__obs_noise_only__tiny_s23,passed,2116,1,fish-swim,chaos,mjx_gate_tiny_obs_noise_only,23,3,/tmp/tdmpc2-jax-corl-v3/fish_tiny_obs_noise_only_s23,scripts/ncc_mjx_gate.sbatch,6d90f66a8ce5e38dd15bd14cb2a9cc4a3fed34e0,6d90f66a8ce5e38dd15bd14cb2a9cc4a3fed34e0,COMPLETED,,,,,0.0108,True,passed gate runs/results/mjx_gates_chaos_diag/fish-swim/obs_noise_only_tiny_s23/mjx_gate.json; cached_artifacts=2
2026-05-13T11:21:26+00:00,launch,gate_repair__fish-swim__delay_jitter__tiny_s23,launched,2118,1,fish-swim,chaos,mjx_gate_tiny_delay_jitter,23,3,/tmp/tdmpc2-jax-corl-v3/fish_tiny_delay_jitter_s23,scripts/ncc_mjx_gate.sbatch,62880b189ae3ea8489a6affe72d9450c708a5f07,62880b189ae3ea8489a6affe72d9450c708a5f07,,,,,,,,gate repair diagnostic
2026-05-13T11:23:55+00:00,completed,gate_repair__fish-swim__delay_jitter__tiny_s23,passed,2118,1,fish-swim,chaos,mjx_gate_tiny_delay_jitter,23,3,/tmp/tdmpc2-jax-corl-v3/fish_tiny_delay_jitter_s23,scripts/ncc_mjx_gate.sbatch,62880b189ae3ea8489a6affe72d9450c708a5f07,62880b189ae3ea8489a6affe72d9450c708a5f07,COMPLETED,,,,,0.0108,True,passed gate runs/results/mjx_gates_chaos_diag/fish-swim/delay_jitter_tiny_s23/mjx_gate.json; cached_artifacts=2
2026-05-13T11:24:05+00:00,launch,gate_repair__fish-swim__wind_only__tiny_s23,launched,2119,1,fish-swim,chaos,mjx_gate_tiny_wind_only,23,3,/tmp/tdmpc2-jax-corl-v3/fish_tiny_wind_only_s23,scripts/ncc_mjx_gate.sbatch,f4b62952fb45fccdad74cbe74352f7f7e118e341,f4b62952fb45fccdad74cbe74352f7f7e118e341,,,,,,,,gate repair diagnostic
2026-05-13T11:29:21+00:00,completed,gate_repair__fish-swim__wind_only__tiny_s23,passed,2119,1,fish-swim,chaos,mjx_gate_tiny_wind_only,23,3,/tmp/tdmpc2-jax-corl-v3/fish_tiny_wind_only_s23,scripts/ncc_mjx_gate.sbatch,f4b62952fb45fccdad74cbe74352f7f7e118e341,f4b62952fb45fccdad74cbe74352f7f7e118e341,COMPLETED,,,,,0.0108,True,passed gate runs/results/mjx_gates_chaos_diag/fish-swim/wind_only_tiny_s23/mjx_gate.json; cached_artifacts=2
2026-05-13T11:29:33+00:00,launch,gate_repair__fish-swim__push_only__tiny_s23,launched,2120,1,fish-swim,chaos,mjx_gate_tiny_push_only,23,3,/tmp/tdmpc2-jax-corl-v3/fish_tiny_push_only_s23,scripts/ncc_mjx_gate.sbatch,3d84eb2300b5647d14de0a63a87c0cef658a5a7d,3d84eb2300b5647d14de0a63a87c0cef658a5a7d,,,,,,,,gate repair diagnostic
2026-05-13T11:34:22+00:00,failed,gate_repair__fish-swim__push_only__tiny_s23,blocked,2120,1,fish-swim,chaos,mjx_gate_tiny_push_only,23,3,/tmp/tdmpc2-jax-corl-v3/fish_tiny_push_only_s23,scripts/ncc_mjx_gate.sbatch,3d84eb2300b5647d14de0a63a87c0cef658a5a7d,3d84eb2300b5647d14de0a63a87c0cef658a5a7d,FAILED,,,,,0.0114,False,"gate did not pass runs/results/mjx_gates_chaos_diag/fish-swim/push_only_tiny_s23/mjx_gate.json: {'task': 'fish-swim', 'chaos': True, 'num_envs': 1, 'steps': 4, 'reward_finite': False, 'observation_finite': False, 'reward_mean': nan, 'reward_sum': nan}; cached_artifacts=2"
2026-05-13T11:34:34+00:00,launch,gate_repair__fish-swim__push_decay__tiny_s23,launched,2121,1,fish-swim,chaos,mjx_gate_tiny_push_decay,23,3,/tmp/tdmpc2-jax-corl-v3/fish_tiny_push_decay_s23,scripts/ncc_mjx_gate.sbatch,33a9753e704e52e3b64d36b93e06314ff77b6876,33a9753e704e52e3b64d36b93e06314ff77b6876,,,,,,,,gate repair diagnostic
2026-05-13T11:39:23+00:00,failed,gate_repair__fish-swim__push_decay__tiny_s23,blocked,2121,1,fish-swim,chaos,mjx_gate_tiny_push_decay,23,3,/tmp/tdmpc2-jax-corl-v3/fish_tiny_push_decay_s23,scripts/ncc_mjx_gate.sbatch,33a9753e704e52e3b64d36b93e06314ff77b6876,33a9753e704e52e3b64d36b93e06314ff77b6876,FAILED,,,,,0.0119,False,"gate did not pass runs/results/mjx_gates_chaos_diag/fish-swim/push_decay_tiny_s23/mjx_gate.json: {'task': 'fish-swim', 'chaos': True, 'num_envs': 1, 'steps': 4, 'reward_finite': False, 'observation_finite': False, 'reward_mean': nan, 'reward_sum': nan}; cached_artifacts=2"
2026-05-13T11:39:34+00:00,launch,gate_repair__fish-swim__chaos__diagnostic_s23,launched,2122,2,fish-swim,chaos,mjx_gate_tiny_full_chaos,23,3,/tmp/tdmpc2-jax-corl-v3/fish_tiny_full_chaos_s23,scripts/ncc_mjx_gate.sbatch,c957a4b638d653f7b375a9e15a2aab04bad052c0,c957a4b638d653f7b375a9e15a2aab04bad052c0,,,,,,,,gate repair diagnostic
2026-05-13T11:44:54+00:00,failed,gate_repair__fish-swim__chaos__diagnostic_s23,blocked,2122,2,fish-swim,chaos,mjx_gate_tiny_full_chaos,23,3,/tmp/tdmpc2-jax-corl-v3/fish_tiny_full_chaos_s23,scripts/ncc_mjx_gate.sbatch,c957a4b638d653f7b375a9e15a2aab04bad052c0,c957a4b638d653f7b375a9e15a2aab04bad052c0,FAILED,,,,,0.0119,False,"gate did not pass runs/results/mjx_gates_chaos_diag/fish-swim/full_chaos_tiny_s23/mjx_gate.json: {'task': 'fish-swim', 'chaos': True, 'num_envs': 1, 'steps': 4, 'reward_finite': False, 'observation_finite': False, 'reward_mean': nan, 'reward_sum': nan}; cached_artifacts=2"
2026-05-13T11:45:05+00:00,launch,corl500k__quadruped-run__chaos__paper_horizon__s23,launched,2123,2,quadruped-run,chaos,paper_horizon,23,3,/home/goncalo/git/horizonsearch/tdmpc2-jax-codex/outputs/corl_pub_500k_v3/quadruped-run/chaos/paper_horizon/s23,scripts/ncc_corl_paper_horizon_500k.sbatch,77c4526974aaa5e7387c91762e1234ec5a78e706,77c4526974aaa5e7387c91762e1234ec5a78e706,,,,,,,,500k full profile
2026-05-13T11:55:19+00:00,launch,corl500k__quadruped-run__chaos__adaptive_rhs__s23,launched,2125,1,quadruped-run,chaos,adaptive_rhs,23,3,/home/goncalo/git/horizonsearch/tdmpc2-jax-codex/outputs/corl_pub_500k_v3/quadruped-run/chaos/adaptive_rhs/s23,scripts/ncc_corl_adaptive_rhs_500k.sbatch,00af4c9c696c5164714b12d05577bdf1ad988b3d,00af4c9c696c5164714b12d05577bdf1ad988b3d,,,,,,,,500k full profile
2026-05-13T12:25:02+00:00,completed,corl500k__quadruped-run__clean__paper_horizon__s23,completed,2101,1,quadruped-run,clean,paper_horizon,23,3,/home/goncalo/git/horizonsearch/tdmpc2-jax-codex/outputs/corl_pub_500k_v3/quadruped-run/clean/paper_horizon/s23,scripts/ncc_corl_paper_horizon_500k.sbatch,7e74789b231ddc04ea64078a28dabddcfd51138c,7e74789b231ddc04ea64078a28dabddcfd51138c,COMPLETED,500000,911.9056396484375,915.8176879882812,747.3718063354493,1.9794,True,completed full 500k profile
2026-05-13T12:25:03+00:00,completed,corl500k__quadruped-run__clean__adaptive_rhs__s23,completed,2102,1,quadruped-run,clean,adaptive_rhs,23,3,/home/goncalo/git/horizonsearch/tdmpc2-jax-codex/outputs/corl_pub_500k_v3/quadruped-run/clean/adaptive_rhs/s23,scripts/ncc_corl_adaptive_rhs_500k.sbatch,7e74789b231ddc04ea64078a28dabddcfd51138c,7e74789b231ddc04ea64078a28dabddcfd51138c,COMPLETED,500000,940.5545043945312,940.5545043945312,685.3825660705567,2.1258,True,completed full 500k profile
2026-05-13T12:25:13+00:00,launch,corl500k__cheetah-run__clean__paper_horizon__s23,launched,2126,1,cheetah-run,clean,paper_horizon,23,3,/home/goncalo/git/horizonsearch/tdmpc2-jax-codex/outputs/corl_pub_500k_v3/cheetah-run/clean/paper_horizon/s23,scripts/ncc_corl_paper_horizon_500k.sbatch,1628719d0395cbf61dd7e53aab5315191b4cce13,1628719d0395cbf61dd7e53aab5315191b4cce13,,,,,,,,500k full profile
2026-05-13T12:30:04+00:00,launch,corl500k__cheetah-run__clean__adaptive_rhs__s23,launched,2127,1,cheetah-run,clean,adaptive_rhs,23,3,/home/goncalo/git/horizonsearch/tdmpc2-jax-codex/outputs/corl_pub_500k_v3/cheetah-run/clean/adaptive_rhs/s23,scripts/ncc_corl_adaptive_rhs_500k.sbatch,e6fcd406c7a21cd73b9a0cce05495a7bd64966a3,e6fcd406c7a21cd73b9a0cce05495a7bd64966a3,,,,,,,,500k full profile
2026-05-13T13:54:58+00:00,completed,corl500k__quadruped-run__chaos__paper_horizon__s23,completed,2123,2,quadruped-run,chaos,paper_horizon,23,3,/home/goncalo/git/horizonsearch/tdmpc2-jax-codex/outputs/corl_pub_500k_v3/quadruped-run/chaos/paper_horizon/s23,scripts/ncc_corl_paper_horizon_500k.sbatch,77c4526974aaa5e7387c91762e1234ec5a78e706,77c4526974aaa5e7387c91762e1234ec5a78e706,COMPLETED,500000,592.6326904296875,592.6326904296875,184.17634391784668,2.1564,True,completed full 500k profile
2026-05-13T13:55:11+00:00,launch,corl500k__cheetah-run__chaos__paper_horizon__s23,launched,2141,1,cheetah-run,chaos,paper_horizon,23,3,/home/goncalo/git/horizonsearch/tdmpc2-jax-codex/outputs/corl_pub_500k_v3/cheetah-run/chaos/paper_horizon/s23,scripts/ncc_corl_paper_horizon_500k.sbatch,f42e2cfe8773efbc6fa8af5305b2086596468316,f42e2cfe8773efbc6fa8af5305b2086596468316,,,,,,,,500k full profile
2026-05-13T14:47:41+00:00,completed,corl500k__quadruped-run__chaos__adaptive_rhs__s23,completed,2125,1,quadruped-run,chaos,adaptive_rhs,23,3,/home/goncalo/git/horizonsearch/tdmpc2-jax-codex/outputs/corl_pub_500k_v3/quadruped-run/chaos/adaptive_rhs/s23,scripts/ncc_corl_adaptive_rhs_500k.sbatch,00af4c9c696c5164714b12d05577bdf1ad988b3d,00af4c9c696c5164714b12d05577bdf1ad988b3d,COMPLETED,500000,658.1815185546875,691.4296264648438,451.5858329772949,2.5339,True,completed full 500k profile
2026-05-13T15:03:46+00:00,launch,corl500k__cheetah-run__chaos__adaptive_rhs__s23,launched,2142,1,cheetah-run,chaos,adaptive_rhs,23,3,/home/goncalo/git/horizonsearch/tdmpc2-jax-codex/outputs/corl_pub_500k_v3/cheetah-run/chaos/adaptive_rhs/s23,scripts/ncc_corl_adaptive_rhs_500k.sbatch,b22c4f4c16dafdef05f32f57ff53f36ae183ec52,b22c4f4c16dafdef05f32f57ff53f36ae183ec52,,,,,,,,500k full profile
2026-05-13T15:19:10+00:00,completed,corl500k__cheetah-run__clean__paper_horizon__s23,completed,2126,1,cheetah-run,clean,paper_horizon,23,3,/home/goncalo/git/horizonsearch/tdmpc2-jax-codex/outputs/corl_pub_500k_v3/cheetah-run/clean/paper_horizon/s23,scripts/ncc_corl_paper_horizon_500k.sbatch,1628719d0395cbf61dd7e53aab5315191b4cce13,1628719d0395cbf61dd7e53aab5315191b4cce13,COMPLETED,500000,856.6932373046875,911.4475708007812,718.0546081542968,1.4894,True,completed full 500k profile
2026-05-13T15:19:23+00:00,launch,corl500k__hopper-hop__clean__paper_horizon__s23,launched,2144,1,hopper-hop,clean,paper_horizon,23,3,/home/goncalo/git/horizonsearch/tdmpc2-jax-codex/outputs/corl_pub_500k_v3/hopper-hop/clean/paper_horizon/s23,scripts/ncc_corl_paper_horizon_500k.sbatch,268b4116f41e88bf457c66487e346d8b7d2b2516,268b4116f41e88bf457c66487e346d8b7d2b2516,,,,,,,,500k full profile
2026-05-13T15:35:39+00:00,completed,corl500k__cheetah-run__clean__adaptive_rhs__s23,completed,2127,1,cheetah-run,clean,adaptive_rhs,23,3,/home/goncalo/git/horizonsearch/tdmpc2-jax-codex/outputs/corl_pub_500k_v3/cheetah-run/clean/adaptive_rhs/s23,scripts/ncc_corl_adaptive_rhs_500k.sbatch,e6fcd406c7a21cd73b9a0cce05495a7bd64966a3,e6fcd406c7a21cd73b9a0cce05495a7bd64966a3,COMPLETED,500000,915.9260864257812,936.0224609375,686.725439453125,1.6861,True,completed full 500k profile
2026-05-13T15:35:52+00:00,launch,corl500k__hopper-hop__clean__adaptive_rhs__s23,launched,2149,1,hopper-hop,clean,adaptive_rhs,23,3,/home/goncalo/git/horizonsearch/tdmpc2-jax-codex/outputs/corl_pub_500k_v3/hopper-hop/clean/adaptive_rhs/s23,scripts/ncc_corl_adaptive_rhs_500k.sbatch,7fa5fd3050baabe628c64cc65009b7b4b305b429,7fa5fd3050baabe628c64cc65009b7b4b305b429,,,,,,,,500k full profile
2026-05-13T15:56:39+00:00,completed,corl500k__cheetah-run__chaos__paper_horizon__s23,completed,2141,1,cheetah-run,chaos,paper_horizon,23,3,/home/goncalo/git/horizonsearch/tdmpc2-jax-codex/outputs/corl_pub_500k_v3/cheetah-run/chaos/paper_horizon/s23,scripts/ncc_corl_paper_horizon_500k.sbatch,f42e2cfe8773efbc6fa8af5305b2086596468316,f42e2cfe8773efbc6fa8af5305b2086596468316,COMPLETED,500000,578.7249145507812,578.7249145507812,366.5045166015625,1.9311,True,completed full 500k profile
2026-05-13T15:56:52+00:00,launch,corl500k__hopper-hop__chaos__paper_horizon__s23,launched,2150,1,hopper-hop,chaos,paper_horizon,23,3,/home/goncalo/git/horizonsearch/tdmpc2-jax-codex/outputs/corl_pub_500k_v3/hopper-hop/chaos/paper_horizon/s23,scripts/ncc_corl_paper_horizon_500k.sbatch,0bae3876f10f65de8994a6fd2a2c71f831f8378c,0bae3876f10f65de8994a6fd2a2c71f831f8378c,,,,,,,,500k full profile
2026-05-13T17:04:10+00:00,completed,corl500k__hopper-hop__clean__paper_horizon__s23,completed,2144,1,hopper-hop,clean,paper_horizon,23,3,/home/goncalo/git/horizonsearch/tdmpc2-jax-codex/outputs/corl_pub_500k_v3/hopper-hop/clean/paper_horizon/s23,scripts/ncc_corl_paper_horizon_500k.sbatch,268b4116f41e88bf457c66487e346d8b7d2b2516,268b4116f41e88bf457c66487e346d8b7d2b2516,COMPLETED,500000,527.7384033203125,604.91748046875,424.85450344085694,1.7133,True,completed full 500k profile
2026-05-13T17:04:17+00:00,launch,corl500k__hopper-hop__chaos__adaptive_rhs__s23,launched,2152,1,hopper-hop,chaos,adaptive_rhs,23,3,/home/goncalo/git/horizonsearch/tdmpc2-jax-codex/outputs/corl_pub_500k_v3/hopper-hop/chaos/adaptive_rhs/s23,scripts/ncc_corl_adaptive_rhs_500k.sbatch,1bdc2124c6e780aa3de8ee57c8227ff66a69a72c,1bdc2124c6e780aa3de8ee57c8227ff66a69a72c,,,,,,,,500k full profile
2026-05-13T17:20:40+00:00,completed,corl500k__cheetah-run__chaos__adaptive_rhs__s23,completed,2142,1,cheetah-run,chaos,adaptive_rhs,23,3,/home/goncalo/git/horizonsearch/tdmpc2-jax-codex/outputs/corl_pub_500k_v3/cheetah-run/chaos/adaptive_rhs/s23,scripts/ncc_corl_adaptive_rhs_500k.sbatch,b22c4f4c16dafdef05f32f57ff53f36ae183ec52,b22c4f4c16dafdef05f32f57ff53f36ae183ec52,COMPLETED,500000,612.3656616210938,650.7935791015625,430.93623809814454,2.1997,True,completed full 500k profile
2026-05-13T17:20:52+00:00,launch,corl500k__finger-turn_hard__clean__paper_horizon__s23,launched,2153,1,finger-turn_hard,clean,paper_horizon,23,3,/home/goncalo/git/horizonsearch/tdmpc2-jax-codex/outputs/corl_pub_500k_v3/finger-turn_hard/clean/paper_horizon/s23,scripts/ncc_corl_paper_horizon_500k.sbatch,31b63082d3406855864075e5b3028726329f72f6,31b63082d3406855864075e5b3028726329f72f6,,,,,,,,500k full profile
2026-05-13T17:36:40+00:00,completed,corl500k__hopper-hop__clean__adaptive_rhs__s23,completed,2149,1,hopper-hop,clean,adaptive_rhs,23,3,/home/goncalo/git/horizonsearch/tdmpc2-jax-codex/outputs/corl_pub_500k_v3/hopper-hop/clean/adaptive_rhs/s23,scripts/ncc_corl_adaptive_rhs_500k.sbatch,7fa5fd3050baabe628c64cc65009b7b4b305b429,7fa5fd3050baabe628c64cc65009b7b4b305b429,COMPLETED,500000,372.3144226074219,372.3144226074219,264.47079658806325,1.8192,True,completed full 500k profile
2026-05-13T17:36:52+00:00,launch,corl500k__finger-turn_hard__clean__adaptive_rhs__s23,launched,2155,1,finger-turn_hard,clean,adaptive_rhs,23,3,/home/goncalo/git/horizonsearch/tdmpc2-jax-codex/outputs/corl_pub_500k_v3/finger-turn_hard/clean/adaptive_rhs/s23,scripts/ncc_corl_adaptive_rhs_500k.sbatch,288355338aa0fb3304ca8bae11c4266090f8f96c,288355338aa0fb3304ca8bae11c4266090f8f96c,,,,,,,,500k full profile
2026-05-13T18:11:39+00:00,completed,corl500k__hopper-hop__chaos__paper_horizon__s23,completed,2150,1,hopper-hop,chaos,paper_horizon,23,3,/home/goncalo/git/horizonsearch/tdmpc2-jax-codex/outputs/corl_pub_500k_v3/hopper-hop/chaos/paper_horizon/s23,scripts/ncc_corl_paper_horizon_500k.sbatch,0bae3876f10f65de8994a6fd2a2c71f831f8378c,0bae3876f10f65de8994a6fd2a2c71f831f8378c,COMPLETED,500000,148.67935180664062,174.06565856933594,72.28769428320228,2.1692,True,completed full 500k profile
2026-05-13T18:11:51+00:00,launch,corl500k__finger-turn_hard__chaos__paper_horizon__s23,launched,2156,1,finger-turn_hard,chaos,paper_horizon,23,3,/home/goncalo/git/horizonsearch/tdmpc2-jax-codex/outputs/corl_pub_500k_v3/finger-turn_hard/chaos/paper_horizon/s23,scripts/ncc_corl_paper_horizon_500k.sbatch,caa2c5f2671b802d5417174a3cd5ed561d2b3ed5,caa2c5f2671b802d5417174a3cd5ed561d2b3ed5,,,,,,,,500k full profile
2026-05-13T18:52:46+00:00,completed,corl500k__finger-turn_hard__clean__paper_horizon__s23,completed,2153,1,finger-turn_hard,clean,paper_horizon,23,3,/home/goncalo/git/horizonsearch/tdmpc2-jax-codex/outputs/corl_pub_500k_v3/finger-turn_hard/clean/paper_horizon/s23,scripts/ncc_corl_paper_horizon_500k.sbatch,31b63082d3406855864075e5b3028726329f72f6,31b63082d3406855864075e5b3028726329f72f6,COMPLETED,500000,872.4500122070312,942.25,753.0399993896484,1.4978,True,completed full 500k profile
2026-05-13T18:52:59+00:00,launch,corl500k__finger-turn_hard__chaos__adaptive_rhs__s23,launched,2158,1,finger-turn_hard,chaos,adaptive_rhs,23,3,/home/goncalo/git/horizonsearch/tdmpc2-jax-codex/outputs/corl_pub_500k_v3/finger-turn_hard/chaos/adaptive_rhs/s23,scripts/ncc_corl_adaptive_rhs_500k.sbatch,15aac6421f8a4840a1774a8475af5b3eefe8dd4d,15aac6421f8a4840a1774a8475af5b3eefe8dd4d,,,,,,,,500k full profile
2026-05-13T19:18:41+00:00,completed,corl500k__finger-turn_hard__clean__adaptive_rhs__s23,completed,2155,1,finger-turn_hard,clean,adaptive_rhs,23,3,/home/goncalo/git/horizonsearch/tdmpc2-jax-codex/outputs/corl_pub_500k_v3/finger-turn_hard/clean/adaptive_rhs/s23,scripts/ncc_corl_adaptive_rhs_500k.sbatch,288355338aa0fb3304ca8bae11c4266090f8f96c,288355338aa0fb3304ca8bae11c4266090f8f96c,COMPLETED,500000,866.25,954.3499755859375,735.0899932861328,1.6672,True,completed full 500k profile
2026-05-13T19:18:54+00:00,launch,corl500k__cartpole-swingup__clean__paper_horizon__s23,launched,2159,1,cartpole-swingup,clean,paper_horizon,23,3,/home/goncalo/git/horizonsearch/tdmpc2-jax-codex/outputs/corl_pub_500k_v3/cartpole-swingup/clean/paper_horizon/s23,scripts/ncc_corl_paper_horizon_500k.sbatch,8408620aeb78647428f87c780933a6b64f9101eb,8408620aeb78647428f87c780933a6b64f9101eb,,,,,,,,500k full profile
2026-05-13T19:33:41+00:00,completed,corl500k__hopper-hop__chaos__adaptive_rhs__s23,completed,2152,1,hopper-hop,chaos,adaptive_rhs,23,3,/home/goncalo/git/horizonsearch/tdmpc2-jax-codex/outputs/corl_pub_500k_v3/hopper-hop/chaos/adaptive_rhs/s23,scripts/ncc_corl_adaptive_rhs_500k.sbatch,1bdc2124c6e780aa3de8ee57c8227ff66a69a72c,1bdc2124c6e780aa3de8ee57c8227ff66a69a72c,COMPLETED,500000,197.09356689453125,197.09356689453125,126.26804704666138,2.4281,True,completed full 500k profile
2026-05-13T19:33:53+00:00,launch,corl500k__cartpole-swingup__clean__adaptive_rhs__s23,launched,2160,1,cartpole-swingup,clean,adaptive_rhs,23,3,/home/goncalo/git/horizonsearch/tdmpc2-jax-codex/outputs/corl_pub_500k_v3/cartpole-swingup/clean/adaptive_rhs/s23,scripts/ncc_corl_adaptive_rhs_500k.sbatch,ad546eb513b67c589d86860d299f39dd389c5b70,ad546eb513b67c589d86860d299f39dd389c5b70,,,,,,,,500k full profile
2026-05-13T20:09:11+00:00,completed,corl500k__finger-turn_hard__chaos__paper_horizon__s23,completed,2156,1,finger-turn_hard,chaos,paper_horizon,23,3,/home/goncalo/git/horizonsearch/tdmpc2-jax-codex/outputs/corl_pub_500k_v3/finger-turn_hard/chaos/paper_horizon/s23,scripts/ncc_corl_paper_horizon_500k.sbatch,caa2c5f2671b802d5417174a3cd5ed561d2b3ed5,caa2c5f2671b802d5417174a3cd5ed561d2b3ed5,COMPLETED,500000,669.0,686.2000122070312,465.0600025177002,1.9536,True,completed full 500k profile
2026-05-13T20:09:23+00:00,launch,corl500k__cartpole-swingup__chaos__paper_horizon__s23,launched,2161,1,cartpole-swingup,chaos,paper_horizon,23,3,/home/goncalo/git/horizonsearch/tdmpc2-jax-codex/outputs/corl_pub_500k_v3/cartpole-swingup/chaos/paper_horizon/s23,scripts/ncc_corl_paper_horizon_500k.sbatch,96cf24fb2631558e81a4a8e9babb2e0ba2b3c8a2,96cf24fb2631558e81a4a8e9babb2e0ba2b3c8a2,,,,,,,,500k full profile
2026-05-13T20:45:12+00:00,completed,corl500k__cartpole-swingup__clean__paper_horizon__s23,completed,2159,1,cartpole-swingup,clean,paper_horizon,23,3,/home/goncalo/git/horizonsearch/tdmpc2-jax-codex/outputs/corl_pub_500k_v3/cartpole-swingup/clean/paper_horizon/s23,scripts/ncc_corl_paper_horizon_500k.sbatch,8408620aeb78647428f87c780933a6b64f9101eb,8408620aeb78647428f87c780933a6b64f9101eb,COMPLETED,500000,882.8815307617188,882.9189453125,789.3146331787109,1.3725,True,completed full 500k profile
2026-05-13T21:00:10+00:00,completed,corl500k__finger-turn_hard__chaos__adaptive_rhs__s23,completed,2158,1,finger-turn_hard,chaos,adaptive_rhs,23,3,/home/goncalo/git/horizonsearch/tdmpc2-jax-codex/outputs/corl_pub_500k_v3/finger-turn_hard/chaos/adaptive_rhs/s23,scripts/ncc_corl_adaptive_rhs_500k.sbatch,15aac6421f8a4840a1774a8475af5b3eefe8dd4d,15aac6421f8a4840a1774a8475af5b3eefe8dd4d,COMPLETED,500000,839.4500122070312,839.4500122070312,527.9625015258789,2.0489,True,completed full 500k profile
2026-05-13T21:00:22+00:00,launch,corl500k__cartpole-swingup__chaos__adaptive_rhs__s23,launched,2165,1,cartpole-swingup,chaos,adaptive_rhs,23,3,/home/goncalo/git/horizonsearch/tdmpc2-jax-codex/outputs/corl_pub_500k_v3/cartpole-swingup/chaos/adaptive_rhs/s23,scripts/ncc_corl_adaptive_rhs_500k.sbatch,a18992eeadc580665f109c2d908619d4387b3b01,a18992eeadc580665f109c2d908619d4387b3b01,,,,,,,,500k full profile
2026-05-13T21:20:09+00:00,completed,corl500k__cartpole-swingup__clean__adaptive_rhs__s23,completed,2160,1,cartpole-swingup,clean,adaptive_rhs,23,3,/home/goncalo/git/horizonsearch/tdmpc2-jax-codex/outputs/corl_pub_500k_v3/cartpole-swingup/clean/adaptive_rhs/s23,scripts/ncc_corl_adaptive_rhs_500k.sbatch,ad546eb513b67c589d86860d299f39dd389c5b70,ad546eb513b67c589d86860d299f39dd389c5b70,COMPLETED,500000,867.1241455078125,867.1241455078125,776.534878540039,1.7558,True,completed full 500k profile
2026-05-13T21:20:21+00:00,launch,corl500k__acrobot-swingup__clean__paper_horizon__s23,launched,2166,1,acrobot-swingup,clean,paper_horizon,23,3,/home/goncalo/git/horizonsearch/tdmpc2-jax-codex/outputs/corl_pub_500k_v3/acrobot-swingup/clean/paper_horizon/s23,scripts/ncc_corl_paper_horizon_500k.sbatch,0f2e54a983ab1285a62d065cc8b3edf685670cd2,0f2e54a983ab1285a62d065cc8b3edf685670cd2,,,,,,,,500k full profile
2026-05-13T22:00:41+00:00,completed,corl500k__cartpole-swingup__chaos__paper_horizon__s23,completed,2161,1,cartpole-swingup,chaos,paper_horizon,23,3,/home/goncalo/git/horizonsearch/tdmpc2-jax-codex/outputs/corl_pub_500k_v3/cartpole-swingup/chaos/paper_horizon/s23,scripts/ncc_corl_paper_horizon_500k.sbatch,96cf24fb2631558e81a4a8e9babb2e0ba2b3c8a2,96cf24fb2631558e81a4a8e9babb2e0ba2b3c8a2,COMPLETED,500000,863.4011840820312,864.0748901367188,750.3910278320312,1.8217,True,completed full 500k profile
2026-05-13T22:00:53+00:00,launch,corl500k__acrobot-swingup__clean__adaptive_rhs__s23,launched,2167,1,acrobot-swingup,clean,adaptive_rhs,23,3,/home/goncalo/git/horizonsearch/tdmpc2-jax-codex/outputs/corl_pub_500k_v3/acrobot-swingup/clean/adaptive_rhs/s23,scripts/ncc_corl_adaptive_rhs_500k.sbatch,f4204300a4e45795592caf985ced4754db40f2a9,f4204300a4e45795592caf985ced4754db40f2a9,,,,,,,,500k full profile
2026-05-13T22:41:13+00:00,completed,corl500k__acrobot-swingup__clean__paper_horizon__s23,completed,2166,1,acrobot-swingup,clean,paper_horizon,23,3,/home/goncalo/git/horizonsearch/tdmpc2-jax-codex/outputs/corl_pub_500k_v3/acrobot-swingup/clean/paper_horizon/s23,scripts/ncc_corl_paper_horizon_500k.sbatch,0f2e54a983ab1285a62d065cc8b3edf685670cd2,0f2e54a983ab1285a62d065cc8b3edf685670cd2,COMPLETED,500000,533.5084838867188,627.1136474609375,437.1537826538086,1.3353,True,completed full 500k profile
2026-05-13T22:41:25+00:00,launch,corl500k__acrobot-swingup__chaos__paper_horizon__s23,launched,2168,1,acrobot-swingup,chaos,paper_horizon,23,3,/home/goncalo/git/horizonsearch/tdmpc2-jax-codex/outputs/corl_pub_500k_v3/acrobot-swingup/chaos/paper_horizon/s23,scripts/ncc_corl_paper_horizon_500k.sbatch,1dabefceb924dc1b6517e41efccce7ccb4cd7f82,1dabefceb924dc1b6517e41efccce7ccb4cd7f82,,,,,,,,500k full profile
2026-05-13T23:01:12+00:00,completed,corl500k__cartpole-swingup__chaos__adaptive_rhs__s23,completed,2165,1,cartpole-swingup,chaos,adaptive_rhs,23,3,/home/goncalo/git/horizonsearch/tdmpc2-jax-codex/outputs/corl_pub_500k_v3/cartpole-swingup/chaos/adaptive_rhs/s23,scripts/ncc_corl_adaptive_rhs_500k.sbatch,a18992eeadc580665f109c2d908619d4387b3b01,a18992eeadc580665f109c2d908619d4387b3b01,COMPLETED,500000,848.8693237304688,855.2731323242188,746.2024353027343,1.9656,True,completed full 500k profile
2026-05-13T23:01:27+00:00,launch,corl500k__acrobot-swingup__chaos__adaptive_rhs__s23,launched,2169,1,acrobot-swingup,chaos,adaptive_rhs,23,3,/home/goncalo/git/horizonsearch/tdmpc2-jax-codex/outputs/corl_pub_500k_v3/acrobot-swingup/chaos/adaptive_rhs/s23,scripts/ncc_corl_adaptive_rhs_500k.sbatch,e507ba7480953e99c883969c858c866254caa17f,e507ba7480953e99c883969c858c866254caa17f,,,,,,,,500k full profile
2026-05-13T23:32:20+00:00,completed,corl500k__acrobot-swingup__clean__adaptive_rhs__s23,completed,2167,1,acrobot-swingup,clean,adaptive_rhs,23,3,/home/goncalo/git/horizonsearch/tdmpc2-jax-codex/outputs/corl_pub_500k_v3/acrobot-swingup/clean/adaptive_rhs/s23,scripts/ncc_corl_adaptive_rhs_500k.sbatch,f4204300a4e45795592caf985ced4754db40f2a9,f4204300a4e45795592caf985ced4754db40f2a9,COMPLETED,500000,545.5007934570312,667.9940185546875,479.1807174682617,1.5042,True,completed full 500k profile
2026-05-13T23:32:33+00:00,launch,corl500k__walker-run__clean__paper_horizon__s23,launched,2170,1,walker-run,clean,paper_horizon,23,3,/home/goncalo/git/horizonsearch/tdmpc2-jax-codex/outputs/corl_pub_500k_v3/walker-run/clean/paper_horizon/s23,scripts/ncc_corl_paper_horizon_500k.sbatch,81ce1f6dfa38e2d3f22b7f2882ec5b0b27f90c67,81ce1f6dfa38e2d3f22b7f2882ec5b0b27f90c67,,,,,,,,500k full profile
2026-05-14T00:29:52+00:00,completed,corl500k__acrobot-swingup__chaos__paper_horizon__s23,completed,2168,1,acrobot-swingup,chaos,paper_horizon,23,3,/home/goncalo/git/horizonsearch/tdmpc2-jax-codex/outputs/corl_pub_500k_v3/acrobot-swingup/chaos/paper_horizon/s23,scripts/ncc_corl_paper_horizon_500k.sbatch,1dabefceb924dc1b6517e41efccce7ccb4cd7f82,1dabefceb924dc1b6517e41efccce7ccb4cd7f82,COMPLETED,500000,417.113525390625,417.113525390625,308.11108551025393,1.7658,True,completed full 500k profile
2026-05-14T00:30:04+00:00,launch,corl500k__walker-run__clean__adaptive_rhs__s23,launched,2171,1,walker-run,clean,adaptive_rhs,23,3,/home/goncalo/git/horizonsearch/tdmpc2-jax-codex/outputs/corl_pub_500k_v3/walker-run/clean/adaptive_rhs/s23,scripts/ncc_corl_adaptive_rhs_500k.sbatch,8d0f4a188e308894821c5188db4da16933c9cc85,8d0f4a188e308894821c5188db4da16933c9cc85,,,,,,,,500k full profile
2026-05-14T01:00:47+00:00,completed,corl500k__acrobot-swingup__chaos__adaptive_rhs__s23,completed,2169,1,acrobot-swingup,chaos,adaptive_rhs,23,3,/home/goncalo/git/horizonsearch/tdmpc2-jax-codex/outputs/corl_pub_500k_v3/acrobot-swingup/chaos/adaptive_rhs/s23,scripts/ncc_corl_adaptive_rhs_500k.sbatch,e507ba7480953e99c883969c858c866254caa17f,e507ba7480953e99c883969c858c866254caa17f,COMPLETED,500000,338.8448791503906,407.60595703125,298.6393882751465,1.9131,True,completed full 500k profile
2026-05-14T01:01:00+00:00,launch,corl500k__walker-run__chaos__paper_horizon__s23,launched,2172,1,walker-run,chaos,paper_horizon,23,3,/home/goncalo/git/horizonsearch/tdmpc2-jax-codex/outputs/corl_pub_500k_v3/walker-run/chaos/paper_horizon/s23,scripts/ncc_corl_paper_horizon_500k.sbatch,9cc9e59be6568f903c5b30bc36f85541a1884ae9,9cc9e59be6568f903c5b30bc36f85541a1884ae9,,,,,,,,500k full profile
2026-05-14T01:55:50+00:00,completed,corl500k__walker-run__clean__paper_horizon__s23,completed,2170,1,walker-run,clean,paper_horizon,23,3,/home/goncalo/git/horizonsearch/tdmpc2-jax-codex/outputs/corl_pub_500k_v3/walker-run/clean/paper_horizon/s23,scripts/ncc_corl_paper_horizon_500k.sbatch,81ce1f6dfa38e2d3f22b7f2882ec5b0b27f90c67,81ce1f6dfa38e2d3f22b7f2882ec5b0b27f90c67,COMPLETED,500000,857.3937377929688,857.3937377929688,744.3710876464844,2.3433,True,completed full 500k profile
2026-05-14T01:56:02+00:00,launch,corl500k__walker-run__chaos__adaptive_rhs__s23,launched,2173,1,walker-run,chaos,adaptive_rhs,23,3,/home/goncalo/git/horizonsearch/tdmpc2-jax-codex/outputs/corl_pub_500k_v3/walker-run/chaos/adaptive_rhs/s23,scripts/ncc_corl_adaptive_rhs_500k.sbatch,2f822b5e76545c2d056699016d9026dd6ac99007,2f822b5e76545c2d056699016d9026dd6ac99007,,,,,,,,500k full profile
2026-05-14T03:16:55+00:00,completed,corl500k__walker-run__clean__adaptive_rhs__s23,completed,2171,1,walker-run,clean,adaptive_rhs,23,3,/home/goncalo/git/horizonsearch/tdmpc2-jax-codex/outputs/corl_pub_500k_v3/walker-run/clean/adaptive_rhs/s23,scripts/ncc_corl_adaptive_rhs_500k.sbatch,8d0f4a188e308894821c5188db4da16933c9cc85,8d0f4a188e308894821c5188db4da16933c9cc85,COMPLETED,500000,848.0013427734375,850.1268310546875,740.9389251708984,2.6911,True,completed full 500k profile
2026-05-14T03:17:07+00:00,launch,corl500k__quadruped-run__clean__paper_horizon__s31,launched,2174,1,quadruped-run,clean,paper_horizon,31,3,/home/goncalo/git/horizonsearch/tdmpc2-jax-codex/outputs/corl_pub_500k_v3/quadruped-run/clean/paper_horizon/s31,scripts/ncc_corl_paper_horizon_500k.sbatch,af97f64989af4820c946e42703bf62b4f7abddc8,af97f64989af4820c946e42703bf62b4f7abddc8,,,,,,,,500k full profile
2026-05-14T03:46:54+00:00,completed,corl500k__walker-run__chaos__paper_horizon__s23,completed,2172,1,walker-run,chaos,paper_horizon,23,3,/home/goncalo/git/horizonsearch/tdmpc2-jax-codex/outputs/corl_pub_500k_v3/walker-run/chaos/paper_horizon/s23,scripts/ncc_corl_paper_horizon_500k.sbatch,9cc9e59be6568f903c5b30bc36f85541a1884ae9,9cc9e59be6568f903c5b30bc36f85541a1884ae9,COMPLETED,500000,577.0653076171875,616.9480590820312,420.32115936279297,2.7644,True,completed full 500k profile
2026-05-14T03:47:06+00:00,launch,corl500k__quadruped-run__clean__adaptive_rhs__s31,launched,2175,1,quadruped-run,clean,adaptive_rhs,31,3,/home/goncalo/git/horizonsearch/tdmpc2-jax-codex/outputs/corl_pub_500k_v3/quadruped-run/clean/adaptive_rhs/s31,scripts/ncc_corl_adaptive_rhs_500k.sbatch,2588acb4cf46f63f991e8853e8abe00735f21d08,2588acb4cf46f63f991e8853e8abe00735f21d08,,,,,,,,500k full profile
2026-05-14T05:12:22+00:00,completed,corl500k__walker-run__chaos__adaptive_rhs__s23,completed,2173,1,walker-run,chaos,adaptive_rhs,23,3,/home/goncalo/git/horizonsearch/tdmpc2-jax-codex/outputs/corl_pub_500k_v3/walker-run/chaos/adaptive_rhs/s23,scripts/ncc_corl_adaptive_rhs_500k.sbatch,2f822b5e76545c2d056699016d9026dd6ac99007,2f822b5e76545c2d056699016d9026dd6ac99007,COMPLETED,500000,622.3515625,622.3515625,440.9511100769043,3.1914,True,completed full 500k profile
2026-05-14T05:12:34+00:00,launch,corl500k__quadruped-run__chaos__paper_horizon__s31,launched,2176,1,quadruped-run,chaos,paper_horizon,31,3,/home/goncalo/git/horizonsearch/tdmpc2-jax-codex/outputs/corl_pub_500k_v3/quadruped-run/chaos/paper_horizon/s31,scripts/ncc_corl_paper_horizon_500k.sbatch,0d2a2a1e56a990e5e21dfd37663893605ce2b9f5,0d2a2a1e56a990e5e21dfd37663893605ce2b9f5,,,,,,,,500k full profile
2026-05-14T05:17:22+00:00,completed,corl500k__quadruped-run__clean__paper_horizon__s31,completed,2174,1,quadruped-run,clean,paper_horizon,31,3,/home/goncalo/git/horizonsearch/tdmpc2-jax-codex/outputs/corl_pub_500k_v3/quadruped-run/clean/paper_horizon/s31,scripts/ncc_corl_paper_horizon_500k.sbatch,af97f64989af4820c946e42703bf62b4f7abddc8,af97f64989af4820c946e42703bf62b4f7abddc8,COMPLETED,500000,922.8922119140625,932.861328125,709.7663185119629,1.9700,True,completed full 500k profile
2026-05-14T05:17:34+00:00,launch,corl500k__quadruped-run__chaos__adaptive_rhs__s31,launched,2177,1,quadruped-run,chaos,adaptive_rhs,31,3,/home/goncalo/git/horizonsearch/tdmpc2-jax-codex/outputs/corl_pub_500k_v3/quadruped-run/chaos/adaptive_rhs/s31,scripts/ncc_corl_adaptive_rhs_500k.sbatch,08a6225ee47591303486eb9e98faf16e331226dd,08a6225ee47591303486eb9e98faf16e331226dd,,,,,,,,500k full profile
2026-05-14T05:57:58+00:00,completed,corl500k__quadruped-run__clean__adaptive_rhs__s31,completed,2175,1,quadruped-run,clean,adaptive_rhs,31,3,/home/goncalo/git/horizonsearch/tdmpc2-jax-codex/outputs/corl_pub_500k_v3/quadruped-run/clean/adaptive_rhs/s31,scripts/ncc_corl_adaptive_rhs_500k.sbatch,2588acb4cf46f63f991e8853e8abe00735f21d08,2588acb4cf46f63f991e8853e8abe00735f21d08,COMPLETED,500000,918.4381713867188,925.9732666015625,664.8647239685058,2.1119,True,completed full 500k profile
2026-05-14T05:58:10+00:00,launch,corl500k__cheetah-run__clean__paper_horizon__s31,launched,2178,1,cheetah-run,clean,paper_horizon,31,3,/home/goncalo/git/horizonsearch/tdmpc2-jax-codex/outputs/corl_pub_500k_v3/cheetah-run/clean/paper_horizon/s31,scripts/ncc_corl_paper_horizon_500k.sbatch,6ea03be7d1bc4dc12468c82a3ade31eff23a7d59,6ea03be7d1bc4dc12468c82a3ade31eff23a7d59,,,,,,,,500k full profile
2026-05-14T07:33:26+00:00,completed,corl500k__cheetah-run__clean__paper_horizon__s31,completed,2178,1,cheetah-run,clean,paper_horizon,31,3,/home/goncalo/git/horizonsearch/tdmpc2-jax-codex/outputs/corl_pub_500k_v3/cheetah-run/clean/paper_horizon/s31,scripts/ncc_corl_paper_horizon_500k.sbatch,6ea03be7d1bc4dc12468c82a3ade31eff23a7d59,6ea03be7d1bc4dc12468c82a3ade31eff23a7d59,COMPLETED,500000,932.158203125,932.158203125,718.8583190917968,1.5078,True,completed full 500k profile
2026-05-14T07:33:38+00:00,launch,corl500k__cheetah-run__clean__adaptive_rhs__s31,launched,2179,1,cheetah-run,clean,adaptive_rhs,31,3,/home/goncalo/git/horizonsearch/tdmpc2-jax-codex/outputs/corl_pub_500k_v3/cheetah-run/clean/adaptive_rhs/s31,scripts/ncc_corl_adaptive_rhs_500k.sbatch,e70db5e8feb0a6b9237c427e7652754cd118ee6c,e70db5e8feb0a6b9237c427e7652754cd118ee6c,,,,,,,,500k full profile
2026-05-14T07:43:23+00:00,completed,corl500k__quadruped-run__chaos__paper_horizon__s31,completed,2176,1,quadruped-run,chaos,paper_horizon,31,3,/home/goncalo/git/horizonsearch/tdmpc2-jax-codex/outputs/corl_pub_500k_v3/quadruped-run/chaos/paper_horizon/s31,scripts/ncc_corl_paper_horizon_500k.sbatch,0d2a2a1e56a990e5e21dfd37663893605ce2b9f5,0d2a2a1e56a990e5e21dfd37663893605ce2b9f5,COMPLETED,500000,672.85986328125,735.1439208984375,519.3914730072022,2.4494,True,completed full 500k profile
2026-05-14T07:43:35+00:00,launch,corl500k__cheetah-run__chaos__paper_horizon__s31,launched,2180,1,cheetah-run,chaos,paper_horizon,31,3,/home/goncalo/git/horizonsearch/tdmpc2-jax-codex/outputs/corl_pub_500k_v3/cheetah-run/chaos/paper_horizon/s31,scripts/ncc_corl_paper_horizon_500k.sbatch,ef23bbdadb614f9832ffff8ead4a1d16371ab8bf,ef23bbdadb614f9832ffff8ead4a1d16371ab8bf,,,,,,,,500k full profile
2026-05-14T07:58:55+00:00,completed,corl500k__quadruped-run__chaos__adaptive_rhs__s31,completed,2177,1,quadruped-run,chaos,adaptive_rhs,31,3,/home/goncalo/git/horizonsearch/tdmpc2-jax-codex/outputs/corl_pub_500k_v3/quadruped-run/chaos/adaptive_rhs/s31,scripts/ncc_corl_adaptive_rhs_500k.sbatch,08a6225ee47591303486eb9e98faf16e331226dd,08a6225ee47591303486eb9e98faf16e331226dd,COMPLETED,500000,676.2589111328125,730.9249877929688,500.571968460083,2.6439,True,completed full 500k profile
2026-05-14T07:59:07+00:00,launch,corl500k__cheetah-run__chaos__adaptive_rhs__s31,launched,2181,1,cheetah-run,chaos,adaptive_rhs,31,3,/home/goncalo/git/horizonsearch/tdmpc2-jax-codex/outputs/corl_pub_500k_v3/cheetah-run/chaos/adaptive_rhs/s31,scripts/ncc_corl_adaptive_rhs_500k.sbatch,c6761c5ac3cb85976e025d24e06003dd04683985,c6761c5ac3cb85976e025d24e06003dd04683985,,,,,,,,500k full profile
2026-05-14T09:14:01+00:00,completed,corl500k__cheetah-run__clean__adaptive_rhs__s31,completed,2179,1,cheetah-run,clean,adaptive_rhs,31,3,/home/goncalo/git/horizonsearch/tdmpc2-jax-codex/outputs/corl_pub_500k_v3/cheetah-run/clean/adaptive_rhs/s31,scripts/ncc_corl_adaptive_rhs_500k.sbatch,e70db5e8feb0a6b9237c427e7652754cd118ee6c,e70db5e8feb0a6b9237c427e7652754cd118ee6c,COMPLETED,500000,934.83349609375,939.7413330078125,757.1185836791992,1.6233,True,completed full 500k profile
2026-05-14T09:49:29+00:00,completed,corl500k__cheetah-run__chaos__paper_horizon__s31,completed,2180,1,cheetah-run,chaos,paper_horizon,31,3,/home/goncalo/git/horizonsearch/tdmpc2-jax-codex/outputs/corl_pub_500k_v3/cheetah-run/chaos/paper_horizon/s31,scripts/ncc_corl_paper_horizon_500k.sbatch,ef23bbdadb614f9832ffff8ead4a1d16371ab8bf,ef23bbdadb614f9832ffff8ead4a1d16371ab8bf,COMPLETED,500000,511.40594482421875,511.40594482421875,365.44814453125,2.0214,True,completed full 500k profile
2026-05-14T09:49:41+00:00,launch,corl500k__hopper-hop__clean__paper_horizon__s31,launched,2189,1,hopper-hop,clean,paper_horizon,31,3,/home/goncalo/git/horizonsearch/tdmpc2-jax-codex/outputs/corl_pub_500k_v3/hopper-hop/clean/paper_horizon/s31,scripts/ncc_corl_paper_horizon_500k.sbatch,77759acc5d50e6a70116ad7e3f6e2838b0e65e84,77759acc5d50e6a70116ad7e3f6e2838b0e65e84,,,,,,,,500k full profile
2026-05-14T10:09:31+00:00,launch,corl500k__hopper-hop__clean__adaptive_rhs__s31,launched,2190,1,hopper-hop,clean,adaptive_rhs,31,3,/home/goncalo/git/horizonsearch/tdmpc2-jax-codex/outputs/corl_pub_500k_v3/hopper-hop/clean/adaptive_rhs/s31,scripts/ncc_corl_adaptive_rhs_500k.sbatch,54f783b1efb5fa999acd8be2314ce67cce7d2a12,54f783b1efb5fa999acd8be2314ce67cce7d2a12,,,,,,,,500k full profile
2026-05-14T10:14:27+00:00,completed,corl500k__cheetah-run__chaos__adaptive_rhs__s31,completed,2181,1,cheetah-run,chaos,adaptive_rhs,31,3,/home/goncalo/git/horizonsearch/tdmpc2-jax-codex/outputs/corl_pub_500k_v3/cheetah-run/chaos/adaptive_rhs/s31,scripts/ncc_corl_adaptive_rhs_500k.sbatch,c6761c5ac3cb85976e025d24e06003dd04683985,c6761c5ac3cb85976e025d24e06003dd04683985,COMPLETED,500000,343.82232666015625,576.1728515625,373.9885620117187,2.2117,True,completed full 500k profile
2026-05-14T10:14:39+00:00,launch,corl500k__hopper-hop__chaos__paper_horizon__s31,launched,2191,1,hopper-hop,chaos,paper_horizon,31,3,/home/goncalo/git/horizonsearch/tdmpc2-jax-codex/outputs/corl_pub_500k_v3/hopper-hop/chaos/paper_horizon/s31,scripts/ncc_corl_paper_horizon_500k.sbatch,e10b8a01092aedd22985d2f922717cc1533d5e9c,e10b8a01092aedd22985d2f922717cc1533d5e9c,,,,,,,,500k full profile
2026-05-14T11:34:24+00:00,completed,corl500k__hopper-hop__clean__paper_horizon__s31,completed,2189,1,hopper-hop,clean,paper_horizon,31,3,/home/goncalo/git/horizonsearch/tdmpc2-jax-codex/outputs/corl_pub_500k_v3/hopper-hop/clean/paper_horizon/s31,scripts/ncc_corl_paper_horizon_500k.sbatch,77759acc5d50e6a70116ad7e3f6e2838b0e65e84,77759acc5d50e6a70116ad7e3f6e2838b0e65e84,COMPLETED,500000,583.7093505859375,583.7093505859375,252.97105646133423,1.6992,True,completed full 500k profile
2026-05-14T12:10:44+00:00,completed,corl500k__hopper-hop__clean__adaptive_rhs__s31,completed,2190,1,hopper-hop,clean,adaptive_rhs,31,3,/home/goncalo/git/horizonsearch/tdmpc2-jax-codex/outputs/corl_pub_500k_v3/hopper-hop/clean/adaptive_rhs/s31,scripts/ncc_corl_adaptive_rhs_500k.sbatch,54f783b1efb5fa999acd8be2314ce67cce7d2a12,54f783b1efb5fa999acd8be2314ce67cce7d2a12,COMPLETED,500000,614.467041015625,620.2522583007812,408.8897709776473,1.9839,True,completed full 500k profile
2026-05-14T12:16:14+00:00,launch,corl500k__hopper-hop__chaos__adaptive_rhs__s31,launched,2194,1,hopper-hop,chaos,adaptive_rhs,31,3,/home/goncalo/git/horizonsearch/tdmpc2-jax-codex/outputs/corl_pub_500k_v3/hopper-hop/chaos/adaptive_rhs/s31,scripts/ncc_corl_adaptive_rhs_500k.sbatch,d1e85648f4f148abee65d0fa42e2e21db532d006,d1e85648f4f148abee65d0fa42e2e21db532d006,,,,,,,,500k full profile
2026-05-14T12:29:47+00:00,completed,corl500k__hopper-hop__chaos__paper_horizon__s31,completed,2191,1,hopper-hop,chaos,paper_horizon,31,3,/home/goncalo/git/horizonsearch/tdmpc2-jax-codex/outputs/corl_pub_500k_v3/hopper-hop/chaos/paper_horizon/s31,scripts/ncc_corl_paper_horizon_500k.sbatch,e10b8a01092aedd22985d2f922717cc1533d5e9c,e10b8a01092aedd22985d2f922717cc1533d5e9c,COMPLETED,500000,177.19949340820312,199.64976501464844,122.15885705947876,2.1847,True,completed full 500k profile
2026-05-14T12:29:57+00:00,launch,corl500k__finger-turn_hard__clean__paper_horizon__s31,launched,2195,1,finger-turn_hard,clean,paper_horizon,31,3,/home/goncalo/git/horizonsearch/tdmpc2-jax-codex/outputs/corl_pub_500k_v3/finger-turn_hard/clean/paper_horizon/s31,scripts/ncc_corl_paper_horizon_500k.sbatch,f1e9d748ed79457ebf8f26266ea2dd7d9a0065a4,f1e9d748ed79457ebf8f26266ea2dd7d9a0065a4,,,,,,,,500k full profile
2026-05-14T13:40:47+00:00,launch,corl500k__finger-turn_hard__clean__adaptive_rhs__s31,launched,2196,1,finger-turn_hard,clean,adaptive_rhs,31,3,/home/goncalo/git/horizonsearch/tdmpc2-jax-codex/outputs/corl_pub_500k_v3/finger-turn_hard/clean/adaptive_rhs/s31,scripts/ncc_corl_adaptive_rhs_500k.sbatch,1ec73942fa65c4241c0312adf833acd9d5be12f6,1ec73942fa65c4241c0312adf833acd9d5be12f6,,,,,,,,500k full profile
2026-05-14T14:06:20+00:00,completed,corl500k__finger-turn_hard__clean__paper_horizon__s31,completed,2195,1,finger-turn_hard,clean,paper_horizon,31,3,/home/goncalo/git/horizonsearch/tdmpc2-jax-codex/outputs/corl_pub_500k_v3/finger-turn_hard/clean/paper_horizon/s31,scripts/ncc_corl_paper_horizon_500k.sbatch,f1e9d748ed79457ebf8f26266ea2dd7d9a0065a4,f1e9d748ed79457ebf8f26266ea2dd7d9a0065a4,COMPLETED,500000,735.3499755859375,875.4500122070312,681.3199981689453,1.5267,True,completed full 500k profile
2026-05-14T14:06:25+00:00,launch,corl500k__finger-turn_hard__chaos__paper_horizon__s31,launched,2197,1,finger-turn_hard,chaos,paper_horizon,31,3,/home/goncalo/git/horizonsearch/tdmpc2-jax-codex/outputs/corl_pub_500k_v3/finger-turn_hard/chaos/paper_horizon/s31,scripts/ncc_corl_paper_horizon_500k.sbatch,4da6bd9a9990b47e2a36536b5b5830d5d294bec4,4da6bd9a9990b47e2a36536b5b5830d5d294bec4,,,,,,,,500k full profile
2026-05-14T14:56:51+00:00,completed,corl500k__hopper-hop__chaos__adaptive_rhs__s31,completed,2194,1,hopper-hop,chaos,adaptive_rhs,31,3,/home/goncalo/git/horizonsearch/tdmpc2-jax-codex/outputs/corl_pub_500k_v3/hopper-hop/chaos/adaptive_rhs/s31,scripts/ncc_corl_adaptive_rhs_500k.sbatch,d1e85648f4f148abee65d0fa42e2e21db532d006,d1e85648f4f148abee65d0fa42e2e21db532d006,COMPLETED,500000,171.0286407470703,190.31735229492188,115.98769903182983,2.6003,True,completed full 500k profile
2026-05-14T15:01:24+00:00,launch,corl500k__finger-turn_hard__chaos__adaptive_rhs__s31,launched,2199,1,finger-turn_hard,chaos,adaptive_rhs,31,3,/home/goncalo/git/horizonsearch/tdmpc2-jax-codex/outputs/corl_pub_500k_v3/finger-turn_hard/chaos/adaptive_rhs/s31,scripts/ncc_corl_adaptive_rhs_500k.sbatch,d547d1e1bd4aa1aef900433b724edb8afd6379e2,d547d1e1bd4aa1aef900433b724edb8afd6379e2,,,,,,,,500k full profile
2026-05-14T15:26:48+00:00,completed,corl500k__finger-turn_hard__clean__adaptive_rhs__s31,completed,2196,1,finger-turn_hard,clean,adaptive_rhs,31,3,/home/goncalo/git/horizonsearch/tdmpc2-jax-codex/outputs/corl_pub_500k_v3/finger-turn_hard/clean/adaptive_rhs/s31,scripts/ncc_corl_adaptive_rhs_500k.sbatch,1ec73942fa65c4241c0312adf833acd9d5be12f6,1ec73942fa65c4241c0312adf833acd9d5be12f6,COMPLETED,500000,777.2000122070312,890.5499877929688,685.3400077819824,1.7186,True,completed full 500k profile
2026-05-14T15:26:55+00:00,launch,corl500k__cartpole-swingup__clean__paper_horizon__s31,launched,2203,1,cartpole-swingup,clean,paper_horizon,31,3,/home/goncalo/git/horizonsearch/tdmpc2-jax-codex/outputs/corl_pub_500k_v3/cartpole-swingup/clean/paper_horizon/s31,scripts/ncc_corl_paper_horizon_500k.sbatch,c59a601b0e2f92ed11351fab4b47a14fba7c92f3,c59a601b0e2f92ed11351fab4b47a14fba7c92f3,,,,,,,,500k full profile
2026-05-14T16:10:12+00:00,completed,corl500k__finger-turn_hard__chaos__paper_horizon__s31,completed,2197,1,finger-turn_hard,chaos,paper_horizon,31,3,/home/goncalo/git/horizonsearch/tdmpc2-jax-codex/outputs/corl_pub_500k_v3/finger-turn_hard/chaos/paper_horizon/s31,scripts/ncc_corl_paper_horizon_500k.sbatch,4da6bd9a9990b47e2a36536b5b5830d5d294bec4,4da6bd9a9990b47e2a36536b5b5830d5d294bec4,COMPLETED,500000,678.5499877929688,732.5999755859375,433.3674966454506,1.9875,True,completed full 500k profile
2026-05-14T16:10:25+00:00,launch,corl500k__cartpole-swingup__clean__adaptive_rhs__s31,launched,2206,1,cartpole-swingup,clean,adaptive_rhs,31,3,/home/goncalo/git/horizonsearch/tdmpc2-jax-codex/outputs/corl_pub_500k_v3/cartpole-swingup/clean/adaptive_rhs/s31,scripts/ncc_corl_adaptive_rhs_500k.sbatch,afcf80172b27a8f98ca9976b6c81a5d5a0256229,afcf80172b27a8f98ca9976b6c81a5d5a0256229,,,,,,,,500k full profile
2026-05-14T16:55:50+00:00,completed,corl500k__cartpole-swingup__clean__paper_horizon__s31,completed,2203,1,cartpole-swingup,clean,paper_horizon,31,3,/home/goncalo/git/horizonsearch/tdmpc2-jax-codex/outputs/corl_pub_500k_v3/cartpole-swingup/clean/paper_horizon/s31,scripts/ncc_corl_paper_horizon_500k.sbatch,c59a601b0e2f92ed11351fab4b47a14fba7c92f3,c59a601b0e2f92ed11351fab4b47a14fba7c92f3,COMPLETED,500000,867.0081787109375,867.404296875,776.9415802001953,1.3897,True,completed full 500k profile
2026-05-14T16:56:02+00:00,launch,corl500k__cartpole-swingup__chaos__paper_horizon__s31,launched,2207,1,cartpole-swingup,chaos,paper_horizon,31,3,/home/goncalo/git/horizonsearch/tdmpc2-jax-codex/outputs/corl_pub_500k_v3/cartpole-swingup/chaos/paper_horizon/s31,scripts/ncc_corl_paper_horizon_500k.sbatch,5692bbab87733793f9ac6160096acb5d5f459289,5692bbab87733793f9ac6160096acb5d5f459289,,,,,,,,500k full profile
2026-05-14T17:10:42+00:00,completed,corl500k__finger-turn_hard__chaos__adaptive_rhs__s31,completed,2199,1,finger-turn_hard,chaos,adaptive_rhs,31,3,/home/goncalo/git/horizonsearch/tdmpc2-jax-codex/outputs/corl_pub_500k_v3/finger-turn_hard/chaos/adaptive_rhs/s31,scripts/ncc_corl_adaptive_rhs_500k.sbatch,d547d1e1bd4aa1aef900433b724edb8afd6379e2,d547d1e1bd4aa1aef900433b724edb8afd6379e2,COMPLETED,500000,747.5,747.5,471.57500381469725,2.1000,True,completed full 500k profile
2026-05-14T17:10:54+00:00,launch,corl500k__cartpole-swingup__chaos__adaptive_rhs__s31,launched,2208,1,cartpole-swingup,chaos,adaptive_rhs,31,3,/home/goncalo/git/horizonsearch/tdmpc2-jax-codex/outputs/corl_pub_500k_v3/cartpole-swingup/chaos/adaptive_rhs/s31,scripts/ncc_corl_adaptive_rhs_500k.sbatch,830779bc5f3533032ea276a510ae9fa612723d7f,830779bc5f3533032ea276a510ae9fa612723d7f,,,,,,,,500k full profile
2026-05-14T17:55:41+00:00,completed,corl500k__cartpole-swingup__clean__adaptive_rhs__s31,completed,2206,1,cartpole-swingup,clean,adaptive_rhs,31,3,/home/goncalo/git/horizonsearch/tdmpc2-jax-codex/outputs/corl_pub_500k_v3/cartpole-swingup/clean/adaptive_rhs/s31,scripts/ncc_corl_adaptive_rhs_500k.sbatch,afcf80172b27a8f98ca9976b6c81a5d5a0256229,afcf80172b27a8f98ca9976b6c81a5d5a0256229,COMPLETED,500000,878.8703002929688,882.8804931640625,787.850064086914,1.7444,True,completed full 500k profile
2026-05-14T17:55:47+00:00,launch,corl500k__acrobot-swingup__clean__paper_horizon__s31,launched,2210,1,acrobot-swingup,clean,paper_horizon,31,3,/home/goncalo/git/horizonsearch/tdmpc2-jax-codex/outputs/corl_pub_500k_v3/acrobot-swingup/clean/paper_horizon/s31,scripts/ncc_corl_paper_horizon_500k.sbatch,2c1526ac28c8af4f2b43225cd68c7d1db119813a,2c1526ac28c8af4f2b43225cd68c7d1db119813a,,,,,,,,500k full profile
2026-05-14T18:51:14+00:00,completed,corl500k__cartpole-swingup__chaos__paper_horizon__s31,completed,2207,1,cartpole-swingup,chaos,paper_horizon,31,3,/home/goncalo/git/horizonsearch/tdmpc2-jax-codex/outputs/corl_pub_500k_v3/cartpole-swingup/chaos/paper_horizon/s31,scripts/ncc_corl_paper_horizon_500k.sbatch,5692bbab87733793f9ac6160096acb5d5f459289,5692bbab87733793f9ac6160096acb5d5f459289,COMPLETED,500000,780.3200073242188,870.8390502929688,755.3830841064453,1.8392,True,completed full 500k profile
2026-05-14T18:51:26+00:00,launch,corl500k__acrobot-swingup__clean__adaptive_rhs__s31,launched,2211,1,acrobot-swingup,clean,adaptive_rhs,31,3,/home/goncalo/git/horizonsearch/tdmpc2-jax-codex/outputs/corl_pub_500k_v3/acrobot-swingup/clean/adaptive_rhs/s31,scripts/ncc_corl_adaptive_rhs_500k.sbatch,ee9b7a51a029bd6b8591f6ec1bbc0f614017bcde,ee9b7a51a029bd6b8591f6ec1bbc0f614017bcde,,,,,,,,500k full profile
2026-05-14T19:26:39+00:00,completed,corl500k__acrobot-swingup__clean__paper_horizon__s31,completed,2210,1,acrobot-swingup,clean,paper_horizon,31,3,/home/goncalo/git/horizonsearch/tdmpc2-jax-codex/outputs/corl_pub_500k_v3/acrobot-swingup/clean/paper_horizon/s31,scripts/ncc_corl_paper_horizon_500k.sbatch,2c1526ac28c8af4f2b43225cd68c7d1db119813a,2c1526ac28c8af4f2b43225cd68c7d1db119813a,COMPLETED,500000,428.2262268066406,634.6702270507812,447.7355728149414,1.3575,True,completed full 500k profile
2026-05-14T19:26:52+00:00,launch,corl500k__acrobot-swingup__chaos__paper_horizon__s31,launched,2213,1,acrobot-swingup,chaos,paper_horizon,31,3,/home/goncalo/git/horizonsearch/tdmpc2-jax-codex/outputs/corl_pub_500k_v3/acrobot-swingup/chaos/paper_horizon/s31,scripts/ncc_corl_paper_horizon_500k.sbatch,33e962869c48517304205345d68746ce41d335de,33e962869c48517304205345d68746ce41d335de,,,,,,,,500k full profile
2026-05-14T19:41:42+00:00,completed,corl500k__cartpole-swingup__chaos__adaptive_rhs__s31,completed,2208,1,cartpole-swingup,chaos,adaptive_rhs,31,3,/home/goncalo/git/horizonsearch/tdmpc2-jax-codex/outputs/corl_pub_500k_v3/cartpole-swingup/chaos/adaptive_rhs/s31,scripts/ncc_corl_adaptive_rhs_500k.sbatch,830779bc5f3533032ea276a510ae9fa612723d7f,830779bc5f3533032ea276a510ae9fa612723d7f,COMPLETED,500000,776.3353881835938,861.4521484375,740.0849151611328,2.4808,True,completed full 500k profile
2026-05-14T19:41:55+00:00,launch,corl500k__acrobot-swingup__chaos__adaptive_rhs__s31,launched,2214,1,acrobot-swingup,chaos,adaptive_rhs,31,3,/home/goncalo/git/horizonsearch/tdmpc2-jax-codex/outputs/corl_pub_500k_v3/acrobot-swingup/chaos/adaptive_rhs/s31,scripts/ncc_corl_adaptive_rhs_500k.sbatch,3690c1748b4e4769e79d133b6790a2a6729ac443,3690c1748b4e4769e79d133b6790a2a6729ac443,,,,,,,,500k full profile
2026-05-14T20:22:12+00:00,completed,corl500k__acrobot-swingup__clean__adaptive_rhs__s31,completed,2211,1,acrobot-swingup,clean,adaptive_rhs,31,3,/home/goncalo/git/horizonsearch/tdmpc2-jax-codex/outputs/corl_pub_500k_v3/acrobot-swingup/clean/adaptive_rhs/s31,scripts/ncc_corl_adaptive_rhs_500k.sbatch,ee9b7a51a029bd6b8591f6ec1bbc0f614017bcde,ee9b7a51a029bd6b8591f6ec1bbc0f614017bcde,COMPLETED,500000,642.531494140625,692.8692626953125,512.1607894897461,1.4503,True,completed full 500k profile
2026-05-14T21:17:39+00:00,completed,corl500k__acrobot-swingup__chaos__paper_horizon__s31,completed,2213,1,acrobot-swingup,chaos,paper_horizon,31,3,/home/goncalo/git/horizonsearch/tdmpc2-jax-codex/outputs/corl_pub_500k_v3/acrobot-swingup/chaos/paper_horizon/s31,scripts/ncc_corl_paper_horizon_500k.sbatch,33e962869c48517304205345d68746ce41d335de,33e962869c48517304205345d68746ce41d335de,COMPLETED,500000,389.87506103515625,448.41717529296875,319.78237838745116,1.8011,True,completed full 500k profile
2026-05-14T21:52:41+00:00,completed,corl500k__acrobot-swingup__chaos__adaptive_rhs__s31,completed,2214,1,acrobot-swingup,chaos,adaptive_rhs,31,3,/home/goncalo/git/horizonsearch/tdmpc2-jax-codex/outputs/corl_pub_500k_v3/acrobot-swingup/chaos/adaptive_rhs/s31,scripts/ncc_corl_adaptive_rhs_500k.sbatch,3690c1748b4e4769e79d133b6790a2a6729ac443,3690c1748b4e4769e79d133b6790a2a6729ac443,COMPLETED,500000,407.1370544433594,407.1370544433594,308.638916015625,2.1517,True,completed full 500k profile
2026-05-14T21:52:53+00:00,launch,corl500k__walker-run__clean__paper_horizon__s31,launched,2217,1,walker-run,clean,paper_horizon,31,3,/home/goncalo/git/horizonsearch/tdmpc2-jax-codex/outputs/corl_pub_500k_v3/walker-run/clean/paper_horizon/s31,scripts/ncc_corl_paper_horizon_500k.sbatch,dbdc54f136e996bd3287227f530b2de070037ddd,dbdc54f136e996bd3287227f530b2de070037ddd,,,,,,,,500k full profile
2026-05-14T23:29:20+00:00,launch,corl500k__walker-run__clean__adaptive_rhs__s31,launched,2218,1,walker-run,clean,adaptive_rhs,31,3,/home/goncalo/git/horizonsearch/tdmpc2-jax-codex/outputs/corl_pub_500k_v3/walker-run/clean/adaptive_rhs/s31,scripts/ncc_corl_adaptive_rhs_500k.sbatch,4e863365866600d292041b5c28b1f0d3ddf53d6e,4e863365866600d292041b5c28b1f0d3ddf53d6e,,,,,,,,500k full profile
2026-05-15T00:18:04+00:00,completed,corl500k__walker-run__clean__paper_horizon__s31,completed,2217,1,walker-run,clean,paper_horizon,31,3,/home/goncalo/git/horizonsearch/tdmpc2-jax-codex/outputs/corl_pub_500k_v3/walker-run/clean/paper_horizon/s31,scripts/ncc_corl_paper_horizon_500k.sbatch,dbdc54f136e996bd3287227f530b2de070037ddd,dbdc54f136e996bd3287227f530b2de070037ddd,COMPLETED,500000,849.6749877929688,850.0977783203125,745.2460357666016,2.3494,True,completed full 500k profile
2026-05-15T00:18:17+00:00,launch,corl500k__walker-run__chaos__paper_horizon__s31,launched,2219,1,walker-run,chaos,paper_horizon,31,3,/home/goncalo/git/horizonsearch/tdmpc2-jax-codex/outputs/corl_pub_500k_v3/walker-run/chaos/paper_horizon/s31,scripts/ncc_corl_paper_horizon_500k.sbatch,96a97bc722ce3cfeb9769bf4d3304a2339922076,96a97bc722ce3cfeb9769bf4d3304a2339922076,,,,,,,,500k full profile
2026-05-15T01:43:11+00:00,launch,corl500k__walker-run__chaos__adaptive_rhs__s31,launched,2220,1,walker-run,chaos,adaptive_rhs,31,3,/home/goncalo/git/horizonsearch/tdmpc2-jax-codex/outputs/corl_pub_500k_v3/walker-run/chaos/adaptive_rhs/s31,scripts/ncc_corl_adaptive_rhs_500k.sbatch,7be6084fe54455587ed1c6d01ea8cc91dc5cddf2,7be6084fe54455587ed1c6d01ea8cc91dc5cddf2,,,,,,,,500k full profile
2026-05-15T02:08:00+00:00,completed,corl500k__walker-run__clean__adaptive_rhs__s31,completed,2218,1,walker-run,clean,adaptive_rhs,31,3,/home/goncalo/git/horizonsearch/tdmpc2-jax-codex/outputs/corl_pub_500k_v3/walker-run/clean/adaptive_rhs/s31,scripts/ncc_corl_adaptive_rhs_500k.sbatch,4e863365866600d292041b5c28b1f0d3ddf53d6e,4e863365866600d292041b5c28b1f0d3ddf53d6e,COMPLETED,500000,853.6339721679688,855.8780517578125,745.0589935302735,2.6436,True,completed full 500k profile
2026-05-15T02:08:12+00:00,launch,corl500k__quadruped-run__clean__paper_horizon__s42,launched,2221,1,quadruped-run,clean,paper_horizon,42,3,/home/goncalo/git/horizonsearch/tdmpc2-jax-codex/outputs/corl_pub_500k_v3/quadruped-run/clean/paper_horizon/s42,scripts/ncc_corl_paper_horizon_500k.sbatch,22ff991f8205f8701f3fc0e67f9dd6a001c2f404,22ff991f8205f8701f3fc0e67f9dd6a001c2f404,,,,,,,,500k full profile
2026-05-15T03:08:32+00:00,completed,corl500k__walker-run__chaos__paper_horizon__s31,completed,2219,1,walker-run,chaos,paper_horizon,31,3,/home/goncalo/git/horizonsearch/tdmpc2-jax-codex/outputs/corl_pub_500k_v3/walker-run/chaos/paper_horizon/s31,scripts/ncc_corl_paper_horizon_500k.sbatch,96a97bc722ce3cfeb9769bf4d3304a2339922076,96a97bc722ce3cfeb9769bf4d3304a2339922076,COMPLETED,500000,578.1304321289062,607.3367309570312,441.01512756347654,2.8128,True,completed full 500k profile
2026-05-15T03:08:44+00:00,launch,corl500k__quadruped-run__clean__adaptive_rhs__s42,launched,2222,1,quadruped-run,clean,adaptive_rhs,42,3,/home/goncalo/git/horizonsearch/tdmpc2-jax-codex/outputs/corl_pub_500k_v3/quadruped-run/clean/adaptive_rhs/s42,scripts/ncc_corl_adaptive_rhs_500k.sbatch,2aa556716fa1cdc47d197ab27317e5d76ea7a268,2aa556716fa1cdc47d197ab27317e5d76ea7a268,,,,,,,,500k full profile
2026-05-15T04:09:00+00:00,completed,corl500k__quadruped-run__clean__paper_horizon__s42,completed,2221,1,quadruped-run,clean,paper_horizon,42,3,/home/goncalo/git/horizonsearch/tdmpc2-jax-codex/outputs/corl_pub_500k_v3/quadruped-run/clean/paper_horizon/s42,scripts/ncc_corl_paper_horizon_500k.sbatch,22ff991f8205f8701f3fc0e67f9dd6a001c2f404,22ff991f8205f8701f3fc0e67f9dd6a001c2f404,COMPLETED,500000,936.5662231445312,941.7322387695312,771.931118774414,1.9936,True,completed full 500k profile
2026-05-15T04:09:12+00:00,launch,corl500k__quadruped-run__chaos__paper_horizon__s42,launched,2223,1,quadruped-run,chaos,paper_horizon,42,3,/home/goncalo/git/horizonsearch/tdmpc2-jax-codex/outputs/corl_pub_500k_v3/quadruped-run/chaos/paper_horizon/s42,scripts/ncc_corl_paper_horizon_500k.sbatch,8d4626b628b880340a8098766cd49b0d6b71b2b7,8d4626b628b880340a8098766cd49b0d6b71b2b7,,,,,,,,500k full profile
2026-05-15T04:44:01+00:00,completed,corl500k__walker-run__chaos__adaptive_rhs__s31,completed,2220,1,walker-run,chaos,adaptive_rhs,31,3,/home/goncalo/git/horizonsearch/tdmpc2-jax-codex/outputs/corl_pub_500k_v3/walker-run/chaos/adaptive_rhs/s31,scripts/ncc_corl_adaptive_rhs_500k.sbatch,7be6084fe54455587ed1c6d01ea8cc91dc5cddf2,7be6084fe54455587ed1c6d01ea8cc91dc5cddf2,COMPLETED,500000,554.9664306640625,618.3272094726562,435.07868270874025,2.9383,True,completed full 500k profile
2026-05-15T04:44:13+00:00,launch,corl500k__quadruped-run__chaos__adaptive_rhs__s42,launched,2224,1,quadruped-run,chaos,adaptive_rhs,42,3,/home/goncalo/git/horizonsearch/tdmpc2-jax-codex/outputs/corl_pub_500k_v3/quadruped-run/chaos/adaptive_rhs/s42,scripts/ncc_corl_adaptive_rhs_500k.sbatch,8c600dae19cb039d95f60dd726a778eefb289b4d,8c600dae19cb039d95f60dd726a778eefb289b4d,,,,,,,,500k full profile
2026-05-15T05:25:31+00:00,completed,corl500k__quadruped-run__clean__adaptive_rhs__s42,completed,2222,1,quadruped-run,clean,adaptive_rhs,42,3,/home/goncalo/git/horizonsearch/tdmpc2-jax-codex/outputs/corl_pub_500k_v3/quadruped-run/clean/adaptive_rhs/s42,scripts/ncc_corl_adaptive_rhs_500k.sbatch,2aa556716fa1cdc47d197ab27317e5d76ea7a268,2aa556716fa1cdc47d197ab27317e5d76ea7a268,COMPLETED,500000,916.3077392578125,916.3077392578125,713.4131423950196,2.2736,True,completed full 500k profile
2026-05-15T05:25:43+00:00,launch,corl500k__cheetah-run__clean__paper_horizon__s42,launched,2225,1,cheetah-run,clean,paper_horizon,42,3,/home/goncalo/git/horizonsearch/tdmpc2-jax-codex/outputs/corl_pub_500k_v3/cheetah-run/clean/paper_horizon/s42,scripts/ncc_corl_paper_horizon_500k.sbatch,f00c5da5f5c33e317d841064943ea308b50d8f6c,f00c5da5f5c33e317d841064943ea308b50d8f6c,,,,,,,,500k full profile
2026-05-15T06:40:09+00:00,completed,corl500k__quadruped-run__chaos__paper_horizon__s42,completed,2223,1,quadruped-run,chaos,paper_horizon,42,3,/home/goncalo/git/horizonsearch/tdmpc2-jax-codex/outputs/corl_pub_500k_v3/quadruped-run/chaos/paper_horizon/s42,scripts/ncc_corl_paper_horizon_500k.sbatch,8d4626b628b880340a8098766cd49b0d6b71b2b7,8d4626b628b880340a8098766cd49b0d6b71b2b7,COMPLETED,500000,719.1737670898438,719.1737670898438,469.1333990097046,2.4519,True,completed full 500k profile
2026-05-15T06:40:21+00:00,launch,corl500k__cheetah-run__clean__adaptive_rhs__s42,launched,2226,1,cheetah-run,clean,adaptive_rhs,42,3,/home/goncalo/git/horizonsearch/tdmpc2-jax-codex/outputs/corl_pub_500k_v3/cheetah-run/clean/adaptive_rhs/s42,scripts/ncc_corl_adaptive_rhs_500k.sbatch,58b885ffb22d0a1dab417949f58adacebd06a0f4,58b885ffb22d0a1dab417949f58adacebd06a0f4,,,,,,,,500k full profile
2026-05-15T07:00:04+00:00,completed,corl500k__cheetah-run__clean__paper_horizon__s42,completed,2225,1,cheetah-run,clean,paper_horizon,42,3,/home/goncalo/git/horizonsearch/tdmpc2-jax-codex/outputs/corl_pub_500k_v3/cheetah-run/clean/paper_horizon/s42,scripts/ncc_corl_paper_horizon_500k.sbatch,f00c5da5f5c33e317d841064943ea308b50d8f6c,f00c5da5f5c33e317d841064943ea308b50d8f6c,COMPLETED,500000,944.0589599609375,944.0589599609375,771.6652709960938,1.5369,True,completed full 500k profile
2026-05-15T07:00:16+00:00,launch,corl500k__cheetah-run__chaos__paper_horizon__s42,launched,2227,1,cheetah-run,chaos,paper_horizon,42,3,/home/goncalo/git/horizonsearch/tdmpc2-jax-codex/outputs/corl_pub_500k_v3/cheetah-run/chaos/paper_horizon/s42,scripts/ncc_corl_paper_horizon_500k.sbatch,8bd687f18dd2b5cfb7e18b7edbe308c66493c451,8bd687f18dd2b5cfb7e18b7edbe308c66493c451,,,,,,,,500k full profile
2026-05-15T07:20:32+00:00,completed,corl500k__quadruped-run__chaos__adaptive_rhs__s42,completed,2224,1,quadruped-run,chaos,adaptive_rhs,42,3,/home/goncalo/git/horizonsearch/tdmpc2-jax-codex/outputs/corl_pub_500k_v3/quadruped-run/chaos/adaptive_rhs/s42,scripts/ncc_corl_adaptive_rhs_500k.sbatch,8c600dae19cb039d95f60dd726a778eefb289b4d,8c600dae19cb039d95f60dd726a778eefb289b4d,COMPLETED,500000,644.0301513671875,645.0361328125,449.5087032318115,2.5917,True,completed full 500k profile
2026-05-15T07:20:44+00:00,launch,corl500k__cheetah-run__chaos__adaptive_rhs__s42,launched,2228,1,cheetah-run,chaos,adaptive_rhs,42,3,/home/goncalo/git/horizonsearch/tdmpc2-jax-codex/outputs/corl_pub_500k_v3/cheetah-run/chaos/adaptive_rhs/s42,scripts/ncc_corl_adaptive_rhs_500k.sbatch,fe16b07b69fb9be6051da86e27a98adb42024fc4,fe16b07b69fb9be6051da86e27a98adb42024fc4,,,,,,,,500k full profile
2026-05-15T08:26:11+00:00,completed,corl500k__cheetah-run__clean__adaptive_rhs__s42,completed,2226,1,cheetah-run,clean,adaptive_rhs,42,3,/home/goncalo/git/horizonsearch/tdmpc2-jax-codex/outputs/corl_pub_500k_v3/cheetah-run/clean/adaptive_rhs/s42,scripts/ncc_corl_adaptive_rhs_500k.sbatch,58b885ffb22d0a1dab417949f58adacebd06a0f4,58b885ffb22d0a1dab417949f58adacebd06a0f4,COMPLETED,500000,932.2744140625,945.0599365234375,786.9031066894531,1.7592,True,completed full 500k profile
2026-05-15T08:26:24+00:00,launch,corl500k__hopper-hop__clean__paper_horizon__s42,launched,2229,1,hopper-hop,clean,paper_horizon,42,3,/home/goncalo/git/horizonsearch/tdmpc2-jax-codex/outputs/corl_pub_500k_v3/hopper-hop/clean/paper_horizon/s42,scripts/ncc_corl_paper_horizon_500k.sbatch,25c00ab91a6b32052087eb1bf15700e253e8a527,25c00ab91a6b32052087eb1bf15700e253e8a527,,,,,,,,500k full profile
2026-05-15T09:01:37+00:00,completed,corl500k__cheetah-run__chaos__paper_horizon__s42,completed,2227,1,cheetah-run,chaos,paper_horizon,42,3,/home/goncalo/git/horizonsearch/tdmpc2-jax-codex/outputs/corl_pub_500k_v3/cheetah-run/chaos/paper_horizon/s42,scripts/ncc_corl_paper_horizon_500k.sbatch,8bd687f18dd2b5cfb7e18b7edbe308c66493c451,8bd687f18dd2b5cfb7e18b7edbe308c66493c451,COMPLETED,500000,321.26995849609375,599.5484619140625,409.1147430419922,1.9978,True,completed full 500k profile
2026-05-15T09:37:33+00:00,completed,corl500k__cheetah-run__chaos__adaptive_rhs__s42,completed,2228,1,cheetah-run,chaos,adaptive_rhs,42,3,/home/goncalo/git/horizonsearch/tdmpc2-jax-codex/outputs/corl_pub_500k_v3/cheetah-run/chaos/adaptive_rhs/s42,scripts/ncc_corl_adaptive_rhs_500k.sbatch,fe16b07b69fb9be6051da86e27a98adb42024fc4,fe16b07b69fb9be6051da86e27a98adb42024fc4,COMPLETED,500000,369.86859130859375,579.7081298828125,393.9748825073242,2.2442,True,completed full 500k profile
2026-05-15T10:12:34+00:00,completed,corl500k__hopper-hop__clean__paper_horizon__s42,completed,2229,1,hopper-hop,clean,paper_horizon,42,3,/home/goncalo/git/horizonsearch/tdmpc2-jax-codex/outputs/corl_pub_500k_v3/hopper-hop/clean/paper_horizon/s42,scripts/ncc_corl_paper_horizon_500k.sbatch,25c00ab91a6b32052087eb1bf15700e253e8a527,25c00ab91a6b32052087eb1bf15700e253e8a527,COMPLETED,500000,355.4457702636719,355.4457702636719,244.34267552495004,1.7228,True,completed full 500k profile
2026-05-15T10:12:47+00:00,launch,corl500k__hopper-hop__clean__adaptive_rhs__s42,launched,2233,1,hopper-hop,clean,adaptive_rhs,42,3,/home/goncalo/git/horizonsearch/tdmpc2-jax-codex/outputs/corl_pub_500k_v3/hopper-hop/clean/adaptive_rhs/s42,scripts/ncc_corl_adaptive_rhs_500k.sbatch,f98941c6f97ed0a7bfd9173e576bdbcc6ef78617,f98941c6f97ed0a7bfd9173e576bdbcc6ef78617,,,,,,,,500k full profile
2026-05-15T12:03:03+00:00,completed,corl500k__hopper-hop__clean__adaptive_rhs__s42,completed,2233,1,hopper-hop,clean,adaptive_rhs,42,3,/home/goncalo/git/horizonsearch/tdmpc2-jax-codex/outputs/corl_pub_500k_v3/hopper-hop/clean/adaptive_rhs/s42,scripts/ncc_corl_adaptive_rhs_500k.sbatch,f98941c6f97ed0a7bfd9173e576bdbcc6ef78617,f98941c6f97ed0a7bfd9173e576bdbcc6ef78617,COMPLETED,500000,536.8924560546875,590.4168090820312,420.8025118470192,1.8278,True,completed full 500k profile
2026-05-15T12:03:15+00:00,launch,corl500k__hopper-hop__chaos__paper_horizon__s42,launched,2234,1,hopper-hop,chaos,paper_horizon,42,3,/home/goncalo/git/horizonsearch/tdmpc2-jax-codex/outputs/corl_pub_500k_v3/hopper-hop/chaos/paper_horizon/s42,scripts/ncc_corl_paper_horizon_500k.sbatch,3ead90de203ee2389a987cb1d1119eac127446fa,3ead90de203ee2389a987cb1d1119eac127446fa,,,,,,,,500k full profile
2026-05-15T14:15:35+00:00,completed,corl500k__hopper-hop__chaos__paper_horizon__s42,completed,2234,1,hopper-hop,chaos,paper_horizon,42,3,/home/goncalo/git/horizonsearch/tdmpc2-jax-codex/outputs/corl_pub_500k_v3/hopper-hop/chaos/paper_horizon/s42,scripts/ncc_corl_paper_horizon_500k.sbatch,3ead90de203ee2389a987cb1d1119eac127446fa,3ead90de203ee2389a987cb1d1119eac127446fa,COMPLETED,500000,186.5921630859375,203.66152954101562,123.92767086029053,2.1319,True,completed full 500k profile
2026-05-15T14:15:48+00:00,launch,corl500k__hopper-hop__chaos__adaptive_rhs__s42,launched,2235,1,hopper-hop,chaos,adaptive_rhs,42,3,/home/goncalo/git/horizonsearch/tdmpc2-jax-codex/outputs/corl_pub_500k_v3/hopper-hop/chaos/adaptive_rhs/s42,scripts/ncc_corl_adaptive_rhs_500k.sbatch,1750ed9b8703d6b5694aeaa516c60d30cc822920,1750ed9b8703d6b5694aeaa516c60d30cc822920,,,,,,,,500k full profile
2026-05-15T15:21:44+00:00,launch,corl500k__finger-turn_hard__clean__paper_horizon__s42,launched,2237,1,finger-turn_hard,clean,paper_horizon,42,3,/home/goncalo/git/horizonsearch/tdmpc2-jax-codex/outputs/corl_pub_500k_v3/finger-turn_hard/clean/paper_horizon/s42,scripts/ncc_corl_paper_horizon_500k.sbatch,6322f8c752f5d362271a18492e0ee53a47dcfdc3,6322f8c752f5d362271a18492e0ee53a47dcfdc3,,,,,,,,500k full profile
2026-05-15T16:43:06+00:00,completed,corl500k__hopper-hop__chaos__adaptive_rhs__s42,completed,2235,1,hopper-hop,chaos,adaptive_rhs,42,3,/home/goncalo/git/horizonsearch/tdmpc2-jax-codex/outputs/corl_pub_500k_v3/hopper-hop/chaos/adaptive_rhs/s42,scripts/ncc_corl_adaptive_rhs_500k.sbatch,1750ed9b8703d6b5694aeaa516c60d30cc822920,1750ed9b8703d6b5694aeaa516c60d30cc822920,COMPLETED,500000,177.28598022460938,177.58395385742188,112.93336994051933,2.4258,True,completed full 500k profile
